symbol,name,currency,date,close price
IMOEX,Moscow Exchange Index,RUB,2022-08-12,2147.33
IMOEX,Moscow Exchange Index,RUB,2022-08-15,2165.12
IMOEX,Moscow Exchange Index,RUB,2022-08-16,2208.33
IMOEX,Moscow Exchange Index,RUB,2022-08-17,2188.56
IMOEX,Moscow Exchange Index,RUB,2022-08-18,2194.31
IMOEX,Moscow Exchange Index,RUB,2022-08-19,2195.16
IMOEX,Moscow Exchange Index,RUB,2022-08-22,2228.11
IMOEX,Moscow Exchange Index,RUB,2022-08-23,2260.08
IMOEX,Moscow Exchange Index,RUB,2022-08-24,2248.22
IMOEX,Moscow Exchange Index,RUB,2022-08-25,2246.34
IMOEX,Moscow Exchange Index,RUB,2022-08-26,2268.89
IMOEX,Moscow Exchange Index,RUB,2022-08-29,2296.33
IMOEX,Moscow Exchange Index,RUB,2022-08-30,2306.62
IMOEX,Moscow Exchange Index,RUB,2022-08-31,2400.08
IMOEX,Moscow Exchange Index,RUB,2022-09-01,2445.77
IMOEX,Moscow Exchange Index,RUB,2022-09-02,2471.45
IMOEX,Moscow Exchange Index,RUB,2022-09-05,2488.44
IMOEX,Moscow Exchange Index,RUB,2022-09-06,2425.33
IMOEX,Moscow Exchange Index,RUB,2022-09-07,2401.57
IMOEX,Moscow Exchange Index,RUB,2022-09-08,2390.27
IMOEX,Moscow Exchange Index,RUB,2022-09-09,2426.06
IMOEX,Moscow Exchange Index,RUB,2022-09-12,2449.65
IMOEX,Moscow Exchange Index,RUB,2022-09-13,2446.89
IMOEX,Moscow Exchange Index,RUB,2022-09-14,2435.89
IMOEX,Moscow Exchange Index,RUB,2022-09-15,2446.59
IMOEX,Moscow Exchange Index,RUB,2022-09-16,2435.18
IMOEX,Moscow Exchange Index,RUB,2022-09-19,2430.54
IMOEX,Moscow Exchange Index,RUB,2022-09-20,2215.67
IMOEX,Moscow Exchange Index,RUB,2022-09-21,2130.71
IMOEX,Moscow Exchange Index,RUB,2022-09-22,2190.87
IMOEX,Moscow Exchange Index,RUB,2022-09-23,2089.87
IMOEX,Moscow Exchange Index,RUB,2022-09-26,1933.35
IMOEX,Moscow Exchange Index,RUB,2022-09-27,1953.46
IMOEX,Moscow Exchange Index,RUB,2022-09-28,1963.86
IMOEX,Moscow Exchange Index,RUB,2022-09-29,1953.77
IMOEX,Moscow Exchange Index,RUB,2022-09-30,1957.31
IMOEX,Moscow Exchange Index,RUB,2022-10-03,2041.96
IMOEX,Moscow Exchange Index,RUB,2022-10-04,2046.42
IMOEX,Moscow Exchange Index,RUB,2022-10-05,2029.88
IMOEX,Moscow Exchange Index,RUB,2022-10-06,2020.63
IMOEX,Moscow Exchange Index,RUB,2022-10-07,1944.75
IMOEX,Moscow Exchange Index,RUB,2022-10-10,1916.97
IMOEX,Moscow Exchange Index,RUB,2022-10-11,1949.46
IMOEX,Moscow Exchange Index,RUB,2022-10-12,1951.65
IMOEX,Moscow Exchange Index,RUB,2022-10-13,1955.2
IMOEX,Moscow Exchange Index,RUB,2022-10-14,1950.98
IMOEX,Moscow Exchange Index,RUB,2022-10-17,2012.85
IMOEX,Moscow Exchange Index,RUB,2022-10-18,2032.4
IMOEX,Moscow Exchange Index,RUB,2022-10-19,1978.4
IMOEX,Moscow Exchange Index,RUB,2022-10-20,2025.51
IMOEX,Moscow Exchange Index,RUB,2022-10-21,2043.71
IMOEX,Moscow Exchange Index,RUB,2022-10-24,2063.95
IMOEX,Moscow Exchange Index,RUB,2022-10-25,2130.65
IMOEX,Moscow Exchange Index,RUB,2022-10-26,2120.58
IMOEX,Moscow Exchange Index,RUB,2022-10-27,2164.64
IMOEX,Moscow Exchange Index,RUB,2022-10-28,2167.7
IMOEX,Moscow Exchange Index,RUB,2022-10-31,2166.61
IMOEX,Moscow Exchange Index,RUB,2022-11-01,2174.35
IMOEX,Moscow Exchange Index,RUB,2022-11-02,2173.84
IMOEX,Moscow Exchange Index,RUB,2022-11-03,2155.92
IMOEX,Moscow Exchange Index,RUB,2022-11-07,2208.78
IMOEX,Moscow Exchange Index,RUB,2022-11-08,2207.2
IMOEX,Moscow Exchange Index,RUB,2022-11-09,2166.56
IMOEX,Moscow Exchange Index,RUB,2022-11-10,2210.02
IMOEX,Moscow Exchange Index,RUB,2022-11-11,2217.44
IMOEX,Moscow Exchange Index,RUB,2022-11-14,2244.77
IMOEX,Moscow Exchange Index,RUB,2022-11-15,2223.26
IMOEX,Moscow Exchange Index,RUB,2022-11-16,2227.19
IMOEX,Moscow Exchange Index,RUB,2022-11-17,2212.93
IMOEX,Moscow Exchange Index,RUB,2022-11-18,2206.32
IMOEX,Moscow Exchange Index,RUB,2022-11-21,2166.31
IMOEX,Moscow Exchange Index,RUB,2022-11-22,2196.04
IMOEX,Moscow Exchange Index,RUB,2022-11-23,2211.89
IMOEX,Moscow Exchange Index,RUB,2022-11-24,2210.95
IMOEX,Moscow Exchange Index,RUB,2022-11-25,2195.17
IMOEX,Moscow Exchange Index,RUB,2022-11-28,2177.45
IMOEX,Moscow Exchange Index,RUB,2022-11-29,2185.32
IMOEX,Moscow Exchange Index,RUB,2022-11-30,2174.53
IMOEX,Moscow Exchange Index,RUB,2022-12-01,2187.29
IMOEX,Moscow Exchange Index,RUB,2022-12-02,2180.44
IMOEX,Moscow Exchange Index,RUB,2022-12-05,2208.28
IMOEX,Moscow Exchange Index,RUB,2022-12-06,2196.24
IMOEX,Moscow Exchange Index,RUB,2022-12-07,2192.88
IMOEX,Moscow Exchange Index,RUB,2022-12-08,2184.43
IMOEX,Moscow Exchange Index,RUB,2022-12-09,2177.85
IMOEX,Moscow Exchange Index,RUB,2022-12-12,2173.16
IMOEX,Moscow Exchange Index,RUB,2022-12-13,2174.38
IMOEX,Moscow Exchange Index,RUB,2022-12-14,2159.81
IMOEX,Moscow Exchange Index,RUB,2022-12-15,2126.8
IMOEX,Moscow Exchange Index,RUB,2022-12-16,2132.75
IMOEX,Moscow Exchange Index,RUB,2022-12-19,2129.98
IMOEX,Moscow Exchange Index,RUB,2022-12-20,2119.37
IMOEX,Moscow Exchange Index,RUB,2022-12-21,2116.13
IMOEX,Moscow Exchange Index,RUB,2022-12-22,2122.91
IMOEX,Moscow Exchange Index,RUB,2022-12-23,2124.02
IMOEX,Moscow Exchange Index,RUB,2022-12-26,2139.21
IMOEX,Moscow Exchange Index,RUB,2022-12-27,2150.92
IMOEX,Moscow Exchange Index,RUB,2022-12-28,2139.77
IMOEX,Moscow Exchange Index,RUB,2022-12-29,2147.06
IMOEX,Moscow Exchange Index,RUB,2022-12-30,2154.12
IMOEX,Moscow Exchange Index,RUB,2023-01-03,2172.68
IMOEX,Moscow Exchange Index,RUB,2023-01-04,2168.42
IMOEX,Moscow Exchange Index,RUB,2023-01-05,2156.67
IMOEX,Moscow Exchange Index,RUB,2023-01-06,2156.39
IMOEX,Moscow Exchange Index,RUB,2023-01-09,2163.5
IMOEX,Moscow Exchange Index,RUB,2023-01-10,2159.51
IMOEX,Moscow Exchange Index,RUB,2023-01-11,2186.98
IMOEX,Moscow Exchange Index,RUB,2023-01-12,2185.93
IMOEX,Moscow Exchange Index,RUB,2023-01-13,2199.94
IMOEX,Moscow Exchange Index,RUB,2023-01-16,2224.9
IMOEX,Moscow Exchange Index,RUB,2023-01-17,2196.84
IMOEX,Moscow Exchange Index,RUB,2023-01-18,2196.26
IMOEX,Moscow Exchange Index,RUB,2023-01-19,2168.83
IMOEX,Moscow Exchange Index,RUB,2023-01-20,2166.69
IMOEX,Moscow Exchange Index,RUB,2023-01-23,2185.31
IMOEX,Moscow Exchange Index,RUB,2023-01-24,2172.75
IMOEX,Moscow Exchange Index,RUB,2023-01-25,2170.15
IMOEX,Moscow Exchange Index,RUB,2023-01-26,2166.92
IMOEX,Moscow Exchange Index,RUB,2023-01-27,2189.35
IMOEX,Moscow Exchange Index,RUB,2023-01-30,2204.41
IMOEX,Moscow Exchange Index,RUB,2023-01-31,2225.6
IMOEX,Moscow Exchange Index,RUB,2023-02-01,2230.15
IMOEX,Moscow Exchange Index,RUB,2023-02-02,2243.54
IMOEX,Moscow Exchange Index,RUB,2023-02-03,2248.3
IMOEX,Moscow Exchange Index,RUB,2023-02-06,2272.37
IMOEX,Moscow Exchange Index,RUB,2023-02-07,2267.69
IMOEX,Moscow Exchange Index,RUB,2023-02-08,2251.97
IMOEX,Moscow Exchange Index,RUB,2023-02-09,2262.45
IMOEX,Moscow Exchange Index,RUB,2023-02-10,2261.58
IMOEX,Moscow Exchange Index,RUB,2023-02-13,2264.27
IMOEX,Moscow Exchange Index,RUB,2023-02-14,2232.23
IMOEX,Moscow Exchange Index,RUB,2023-02-15,2166.46
IMOEX,Moscow Exchange Index,RUB,2023-02-16,2153.96
IMOEX,Moscow Exchange Index,RUB,2023-02-17,2168.88
IMOEX,Moscow Exchange Index,RUB,2023-02-20,2183.57
IMOEX,Moscow Exchange Index,RUB,2023-02-21,2212.42
IMOEX,Moscow Exchange Index,RUB,2023-02-22,2212.4
IMOEX,Moscow Exchange Index,RUB,2023-02-24,2208.03
IMOEX,Moscow Exchange Index,RUB,2023-02-27,2241.1
IMOEX,Moscow Exchange Index,RUB,2023-02-28,2253.16
IMOEX,Moscow Exchange Index,RUB,2023-03-01,2279.65
IMOEX,Moscow Exchange Index,RUB,2023-03-02,2254.3
IMOEX,Moscow Exchange Index,RUB,2023-03-03,2272.2
IMOEX,Moscow Exchange Index,RUB,2023-03-06,2294.12
IMOEX,Moscow Exchange Index,RUB,2023-03-07,2295.6
IMOEX,Moscow Exchange Index,RUB,2023-03-09,2290.14
IMOEX,Moscow Exchange Index,RUB,2023-03-10,2276.25
IMOEX,Moscow Exchange Index,RUB,2023-03-13,2269.47
IMOEX,Moscow Exchange Index,RUB,2023-03-14,2290.32
IMOEX,Moscow Exchange Index,RUB,2023-03-15,2262.07
IMOEX,Moscow Exchange Index,RUB,2023-03-16,2258.22
IMOEX,Moscow Exchange Index,RUB,2023-03-17,2322.78
IMOEX,Moscow Exchange Index,RUB,2023-03-20,2397.16
IMOEX,Moscow Exchange Index,RUB,2023-03-21,2398.15
IMOEX,Moscow Exchange Index,RUB,2023-03-22,2393.88
IMOEX,Moscow Exchange Index,RUB,2023-03-23,2388.35
IMOEX,Moscow Exchange Index,RUB,2023-03-24,2391.53
IMOEX,Moscow Exchange Index,RUB,2023-03-27,2440.68
IMOEX,Moscow Exchange Index,RUB,2023-03-28,2442.19
IMOEX,Moscow Exchange Index,RUB,2023-03-29,2460.87
IMOEX,Moscow Exchange Index,RUB,2023-03-30,2465.93
IMOEX,Moscow Exchange Index,RUB,2023-03-31,2450.67
IMOEX,Moscow Exchange Index,RUB,2023-04-03,2473.32
IMOEX,Moscow Exchange Index,RUB,2023-04-04,2480.45
IMOEX,Moscow Exchange Index,RUB,2023-04-05,2500.8
IMOEX,Moscow Exchange Index,RUB,2023-04-06,2498.3
IMOEX,Moscow Exchange Index,RUB,2023-04-07,2508.39
IMOEX,Moscow Exchange Index,RUB,2023-04-10,2547.35
IMOEX,Moscow Exchange Index,RUB,2023-04-11,2533.69
IMOEX,Moscow Exchange Index,RUB,2023-04-12,2538.47
IMOEX,Moscow Exchange Index,RUB,2023-04-13,2544.28
IMOEX,Moscow Exchange Index,RUB,2023-04-14,2554.85
IMOEX,Moscow Exchange Index,RUB,2023-04-17,2596.11
IMOEX,Moscow Exchange Index,RUB,2023-04-18,2615.62
IMOEX,Moscow Exchange Index,RUB,2023-04-19,2606.55
IMOEX,Moscow Exchange Index,RUB,2023-04-20,2637.85
IMOEX,Moscow Exchange Index,RUB,2023-04-21,2639.95
IMOEX,Moscow Exchange Index,RUB,2023-04-24,2635.43
IMOEX,Moscow Exchange Index,RUB,2023-04-25,2626.86
IMOEX,Moscow Exchange Index,RUB,2023-04-26,2620.33
IMOEX,Moscow Exchange Index,RUB,2023-04-27,2646.18
IMOEX,Moscow Exchange Index,RUB,2023-04-28,2634.94
IMOEX,Moscow Exchange Index,RUB,2023-05-02,2580.51
IMOEX,Moscow Exchange Index,RUB,2023-05-03,2532.42
IMOEX,Moscow Exchange Index,RUB,2023-05-04,2524.51
IMOEX,Moscow Exchange Index,RUB,2023-05-05,2538.24
IMOEX,Moscow Exchange Index,RUB,2023-05-08,2527.59
IMOEX,Moscow Exchange Index,RUB,2023-05-10,2548.63
IMOEX,Moscow Exchange Index,RUB,2023-05-11,2595.12
IMOEX,Moscow Exchange Index,RUB,2023-05-12,2565.17
IMOEX,Moscow Exchange Index,RUB,2023-05-15,2611.07
IMOEX,Moscow Exchange Index,RUB,2023-05-16,2633.71
IMOEX,Moscow Exchange Index,RUB,2023-05-17,2634.48
IMOEX,Moscow Exchange Index,RUB,2023-05-18,2632.91
IMOEX,Moscow Exchange Index,RUB,2023-05-19,2626.16
IMOEX,Moscow Exchange Index,RUB,2023-05-22,2633.26
IMOEX,Moscow Exchange Index,RUB,2023-05-23,2641.66
IMOEX,Moscow Exchange Index,RUB,2023-05-24,2654.99
IMOEX,Moscow Exchange Index,RUB,2023-05-25,2649.98
IMOEX,Moscow Exchange Index,RUB,2023-05-26,2682.03
IMOEX,Moscow Exchange Index,RUB,2023-05-29,2732.0
IMOEX,Moscow Exchange Index,RUB,2023-05-30,2698.75
IMOEX,Moscow Exchange Index,RUB,2023-05-31,2717.64
IMOEX,Moscow Exchange Index,RUB,2023-06-01,2721.73
IMOEX,Moscow Exchange Index,RUB,2023-06-02,2719.48
IMOEX,Moscow Exchange Index,RUB,2023-06-05,2694.14
IMOEX,Moscow Exchange Index,RUB,2023-06-06,2681.25
IMOEX,Moscow Exchange Index,RUB,2023-06-07,2694.69
IMOEX,Moscow Exchange Index,RUB,2023-06-08,2709.69
IMOEX,Moscow Exchange Index,RUB,2023-06-09,2708.04
IMOEX,Moscow Exchange Index,RUB,2023-06-13,2757.28
IMOEX,Moscow Exchange Index,RUB,2023-06-14,2765.18
IMOEX,Moscow Exchange Index,RUB,2023-06-15,2800.17
IMOEX,Moscow Exchange Index,RUB,2023-06-16,2800.79
IMOEX,Moscow Exchange Index,RUB,2023-06-19,2815.07
IMOEX,Moscow Exchange Index,RUB,2023-06-20,2803.69
IMOEX,Moscow Exchange Index,RUB,2023-06-21,2819.3
IMOEX,Moscow Exchange Index,RUB,2023-06-22,2815.83
IMOEX,Moscow Exchange Index,RUB,2023-06-23,2795.06
IMOEX,Moscow Exchange Index,RUB,2023-06-26,2757.13
IMOEX,Moscow Exchange Index,RUB,2023-06-27,2776.63
IMOEX,Moscow Exchange Index,RUB,2023-06-28,2780.92
IMOEX,Moscow Exchange Index,RUB,2023-06-29,2796.41
IMOEX,Moscow Exchange Index,RUB,2023-06-30,2797.37
IMOEX,Moscow Exchange Index,RUB,2023-07-03,2793.93
IMOEX,Moscow Exchange Index,RUB,2023-07-04,2808.22
IMOEX,Moscow Exchange Index,RUB,2023-07-05,2805.0
IMOEX,Moscow Exchange Index,RUB,2023-07-06,2819.6
IMOEX,Moscow Exchange Index,RUB,2023-07-07,2832.51
IMOEX,Moscow Exchange Index,RUB,2023-07-10,2856.76
IMOEX,Moscow Exchange Index,RUB,2023-07-11,2860.33
IMOEX,Moscow Exchange Index,RUB,2023-07-12,2896.83
IMOEX,Moscow Exchange Index,RUB,2023-07-13,2885.63
IMOEX,Moscow Exchange Index,RUB,2023-07-14,2902.72
IMOEX,Moscow Exchange Index,RUB,2023-07-17,2917.61
IMOEX,Moscow Exchange Index,RUB,2023-07-18,2954.52
IMOEX,Moscow Exchange Index,RUB,2023-07-19,2943.43
IMOEX,Moscow Exchange Index,RUB,2023-07-20,2917.48
IMOEX,Moscow Exchange Index,RUB,2023-07-21,2923.54
IMOEX,Moscow Exchange Index,RUB,2023-07-24,2937.47
IMOEX,Moscow Exchange Index,RUB,2023-07-25,2975.36
IMOEX,Moscow Exchange Index,RUB,2023-07-26,2970.42
IMOEX,Moscow Exchange Index,RUB,2023-07-27,2987.85
IMOEX,Moscow Exchange Index,RUB,2023-07-28,3008.61
IMOEX,Moscow Exchange Index,RUB,2023-07-31,3073.5
IMOEX,Moscow Exchange Index,RUB,2023-08-01,3093.64
IMOEX,Moscow Exchange Index,RUB,2023-08-02,3106.46
IMOEX,Moscow Exchange Index,RUB,2023-08-03,3147.8
IMOEX,Moscow Exchange Index,RUB,2023-08-04,3092.44
IMOEX,Moscow Exchange Index,RUB,2023-08-07,3084.08
IMOEX,Moscow Exchange Index,RUB,2023-08-08,3085.31
IMOEX,Moscow Exchange Index,RUB,2023-08-09,3099.52
IMOEX,Moscow Exchange Index,RUB,2023-08-10,3148.86
IMOEX,Moscow Exchange Index,RUB,2023-08-11,3155.51
IMOEX,Moscow Exchange Index,RUB,2023-08-14,3131.0
IMOEX,Moscow Exchange Index,RUB,2023-08-15,3115.25
IMOEX,Moscow Exchange Index,RUB,2023-08-16,3049.46
IMOEX,Moscow Exchange Index,RUB,2023-08-17,3059.02
IMOEX,Moscow Exchange Index,RUB,2023-08-18,3111.22
IMOEX,Moscow Exchange Index,RUB,2023-08-21,3139.93
IMOEX,Moscow Exchange Index,RUB,2023-08-22,3164.25
IMOEX,Moscow Exchange Index,RUB,2023-08-23,3146.2
IMOEX,Moscow Exchange Index,RUB,2023-08-24,3137.37
IMOEX,Moscow Exchange Index,RUB,2023-08-25,3157.33
IMOEX,Moscow Exchange Index,RUB,2023-08-28,3198.72
IMOEX,Moscow Exchange Index,RUB,2023-08-29,3211.36
IMOEX,Moscow Exchange Index,RUB,2023-08-30,3212.68
IMOEX,Moscow Exchange Index,RUB,2023-08-31,3227.99
IMOEX,Moscow Exchange Index,RUB,2023-09-01,3231.35
IMOEX,Moscow Exchange Index,RUB,2023-09-04,3268.97
IMOEX,Moscow Exchange Index,RUB,2023-09-05,3264.43
IMOEX,Moscow Exchange Index,RUB,2023-09-06,3245.47
IMOEX,Moscow Exchange Index,RUB,2023-09-07,3169.07
IMOEX,Moscow Exchange Index,RUB,2023-09-08,3142.88
IMOEX,Moscow Exchange Index,RUB,2023-09-11,3122.37
IMOEX,Moscow Exchange Index,RUB,2023-09-12,3165.92
IMOEX,Moscow Exchange Index,RUB,2023-09-13,3148.32
IMOEX,Moscow Exchange Index,RUB,2023-09-14,3139.49
IMOEX,Moscow Exchange Index,RUB,2023-09-15,3152.53
IMOEX,Moscow Exchange Index,RUB,2023-09-18,3135.18
IMOEX,Moscow Exchange Index,RUB,2023-09-19,3083.85
IMOEX,Moscow Exchange Index,RUB,2023-09-20,3068.15
IMOEX,Moscow Exchange Index,RUB,2023-09-21,3019.22
IMOEX,Moscow Exchange Index,RUB,2023-09-22,3049.07
IMOEX,Moscow Exchange Index,RUB,2023-09-25,3045.39
IMOEX,Moscow Exchange Index,RUB,2023-09-26,3051.91
IMOEX,Moscow Exchange Index,RUB,2023-09-27,3067.61
IMOEX,Moscow Exchange Index,RUB,2023-09-28,3108.07
IMOEX,Moscow Exchange Index,RUB,2023-09-29,3133.26
IMOEX,Moscow Exchange Index,RUB,2023-10-02,3132.33
IMOEX,Moscow Exchange Index,RUB,2023-10-03,3143.88
IMOEX,Moscow Exchange Index,RUB,2023-10-04,3134.25
IMOEX,Moscow Exchange Index,RUB,2023-10-05,3131.76
IMOEX,Moscow Exchange Index,RUB,2023-10-06,3144.89
IMOEX,Moscow Exchange Index,RUB,2023-10-09,3174.02
IMOEX,Moscow Exchange Index,RUB,2023-10-10,3177.03
IMOEX,Moscow Exchange Index,RUB,2023-10-11,3194.12
IMOEX,Moscow Exchange Index,RUB,2023-10-12,3174.66
IMOEX,Moscow Exchange Index,RUB,2023-10-13,3192.33
IMOEX,Moscow Exchange Index,RUB,2023-10-16,3234.78
IMOEX,Moscow Exchange Index,RUB,2023-10-17,3247.15
IMOEX,Moscow Exchange Index,RUB,2023-10-18,3249.21
IMOEX,Moscow Exchange Index,RUB,2023-10-19,3255.16
IMOEX,Moscow Exchange Index,RUB,2023-10-20,3269.27
IMOEX,Moscow Exchange Index,RUB,2023-10-23,3263.68
IMOEX,Moscow Exchange Index,RUB,2023-10-24,3265.01
IMOEX,Moscow Exchange Index,RUB,2023-10-25,3265.28
IMOEX,Moscow Exchange Index,RUB,2023-10-26,3223.89
IMOEX,Moscow Exchange Index,RUB,2023-10-27,3224.18
IMOEX,Moscow Exchange Index,RUB,2023-10-30,3227.07
IMOEX,Moscow Exchange Index,RUB,2023-10-31,3200.97
IMOEX,Moscow Exchange Index,RUB,2023-11-01,3206.52
IMOEX,Moscow Exchange Index,RUB,2023-11-02,3197.22
IMOEX,Moscow Exchange Index,RUB,2023-11-03,3208.63
IMOEX,Moscow Exchange Index,RUB,2023-11-06,3235.11
IMOEX,Moscow Exchange Index,RUB,2023-11-07,3246.34
IMOEX,Moscow Exchange Index,RUB,2023-11-08,3245.43
IMOEX,Moscow Exchange Index,RUB,2023-11-09,3239.92
IMOEX,Moscow Exchange Index,RUB,2023-11-10,3242.06
IMOEX,Moscow Exchange Index,RUB,2023-11-13,3248.27
IMOEX,Moscow Exchange Index,RUB,2023-11-14,3212.39
IMOEX,Moscow Exchange Index,RUB,2023-11-15,3215.11
IMOEX,Moscow Exchange Index,RUB,2023-11-16,3189.08
IMOEX,Moscow Exchange Index,RUB,2023-11-17,3206.34
IMOEX,Moscow Exchange Index,RUB,2023-11-20,3207.36
IMOEX,Moscow Exchange Index,RUB,2023-11-21,3218.48
IMOEX,Moscow Exchange Index,RUB,2023-11-22,3230.65
IMOEX,Moscow Exchange Index,RUB,2023-11-23,3221.05
IMOEX,Moscow Exchange Index,RUB,2023-11-24,3217.76
IMOEX,Moscow Exchange Index,RUB,2023-11-27,3191.05
IMOEX,Moscow Exchange Index,RUB,2023-11-28,3196.36
IMOEX,Moscow Exchange Index,RUB,2023-11-29,3173.52
IMOEX,Moscow Exchange Index,RUB,2023-11-30,3165.79
IMOEX,Moscow Exchange Index,RUB,2023-12-01,3142.29
IMOEX,Moscow Exchange Index,RUB,2023-12-04,3114.41
IMOEX,Moscow Exchange Index,RUB,2023-12-05,3129.33
IMOEX,Moscow Exchange Index,RUB,2023-12-06,3079.5
IMOEX,Moscow Exchange Index,RUB,2023-12-07,3073.63
IMOEX,Moscow Exchange Index,RUB,2023-12-08,3079.99
IMOEX,Moscow Exchange Index,RUB,2023-12-11,3026.17
IMOEX,Moscow Exchange Index,RUB,2023-12-12,3019.89
IMOEX,Moscow Exchange Index,RUB,2023-12-13,3032.22
IMOEX,Moscow Exchange Index,RUB,2023-12-14,3008.84
IMOEX,Moscow Exchange Index,RUB,2023-12-15,3033.89
IMOEX,Moscow Exchange Index,RUB,2023-12-18,3076.26
IMOEX,Moscow Exchange Index,RUB,2023-12-19,3083.64
IMOEX,Moscow Exchange Index,RUB,2023-12-20,3104.66
IMOEX,Moscow Exchange Index,RUB,2023-12-21,3073.57
IMOEX,Moscow Exchange Index,RUB,2023-12-22,3092.58
IMOEX,Moscow Exchange Index,RUB,2023-12-25,3099.02
IMOEX,Moscow Exchange Index,RUB,2023-12-26,3094.72
IMOEX,Moscow Exchange Index,RUB,2023-12-27,3097.49
IMOEX,Moscow Exchange Index,RUB,2023-12-28,3101.99
IMOEX,Moscow Exchange Index,RUB,2023-12-29,3099.11
IMOEX,Moscow Exchange Index,RUB,2024-01-03,3130.23
IMOEX,Moscow Exchange Index,RUB,2024-01-04,3136.07
IMOEX,Moscow Exchange Index,RUB,2024-01-05,3136.37
IMOEX,Moscow Exchange Index,RUB,2024-01-08,3158.58
IMOEX,Moscow Exchange Index,RUB,2024-01-09,3155.55
IMOEX,Moscow Exchange Index,RUB,2024-01-10,3164.7
IMOEX,Moscow Exchange Index,RUB,2024-01-11,3181.25
IMOEX,Moscow Exchange Index,RUB,2024-01-12,3185.22
IMOEX,Moscow Exchange Index,RUB,2024-01-15,3184.88
IMOEX,Moscow Exchange Index,RUB,2024-01-16,3179.45
IMOEX,Moscow Exchange Index,RUB,2024-01-17,3185.23
IMOEX,Moscow Exchange Index,RUB,2024-01-18,3178.85
IMOEX,Moscow Exchange Index,RUB,2024-01-19,3166.37
IMOEX,Moscow Exchange Index,RUB,2024-01-22,3172.15
IMOEX,Moscow Exchange Index,RUB,2024-01-23,3175.74
IMOEX,Moscow Exchange Index,RUB,2024-01-24,3162.41
IMOEX,Moscow Exchange Index,RUB,2024-01-25,3157.74
IMOEX,Moscow Exchange Index,RUB,2024-01-26,3163.21
IMOEX,Moscow Exchange Index,RUB,2024-01-29,3176.61
IMOEX,Moscow Exchange Index,RUB,2024-01-30,3196.08
IMOEX,Moscow Exchange Index,RUB,2024-01-31,3214.19
IMOEX,Moscow Exchange Index,RUB,2024-02-01,3229.89
IMOEX,Moscow Exchange Index,RUB,2024-02-02,3226.35
IMOEX,Moscow Exchange Index,RUB,2024-02-05,3226.79
IMOEX,Moscow Exchange Index,RUB,2024-02-06,3238.4
IMOEX,Moscow Exchange Index,RUB,2024-02-07,3256.58
IMOEX,Moscow Exchange Index,RUB,2024-02-08,3241.81
IMOEX,Moscow Exchange Index,RUB,2024-02-09,3242.38
IMOEX,Moscow Exchange Index,RUB,2024-02-12,3248.5
IMOEX,Moscow Exchange Index,RUB,2024-02-13,3254.6
IMOEX,Moscow Exchange Index,RUB,2024-02-14,3258.14
IMOEX,Moscow Exchange Index,RUB,2024-02-15,3265.63
IMOEX,Moscow Exchange Index,RUB,2024-02-16,3242.48
IMOEX,Moscow Exchange Index,RUB,2024-02-19,3244.56
IMOEX,Moscow Exchange Index,RUB,2024-02-20,3207.49
IMOEX,Moscow Exchange Index,RUB,2024-02-21,3139.5
IMOEX,Moscow Exchange Index,RUB,2024-02-22,3142.3
IMOEX,Moscow Exchange Index,RUB,2024-02-26,3213.17
IMOEX,Moscow Exchange Index,RUB,2024-02-27,3208.99
IMOEX,Moscow Exchange Index,RUB,2024-02-28,3227.05
IMOEX,Moscow Exchange Index,RUB,2024-02-29,3256.8
IMOEX,Moscow Exchange Index,RUB,2024-03-01,3266.66
IMOEX,Moscow Exchange Index,RUB,2024-03-04,3296.75
IMOEX,Moscow Exchange Index,RUB,2024-03-05,3300.89
IMOEX,Moscow Exchange Index,RUB,2024-03-06,3310.58
IMOEX,Moscow Exchange Index,RUB,2024-03-07,3315.68
IMOEX,Moscow Exchange Index,RUB,2024-03-11,3320.31
IMOEX,Moscow Exchange Index,RUB,2024-03-12,3332.6
IMOEX,Moscow Exchange Index,RUB,2024-03-13,3320.68
IMOEX,Moscow Exchange Index,RUB,2024-03-14,3297.0
IMOEX,Moscow Exchange Index,RUB,2024-03-15,3300.07
IMOEX,Moscow Exchange Index,RUB,2024-03-18,3296.3
IMOEX,Moscow Exchange Index,RUB,2024-03-19,3264.97
IMOEX,Moscow Exchange Index,RUB,2024-03-20,3267.1
IMOEX,Moscow Exchange Index,RUB,2024-03-21,3286.69
IMOEX,Moscow Exchange Index,RUB,2024-03-22,3273.49
IMOEX,Moscow Exchange Index,RUB,2024-03-25,3281.63
IMOEX,Moscow Exchange Index,RUB,2024-03-26,3285.54
IMOEX,Moscow Exchange Index,RUB,2024-03-27,3304.09
IMOEX,Moscow Exchange Index,RUB,2024-03-28,3312.77
IMOEX,Moscow Exchange Index,RUB,2024-03-29,3332.53
IMOEX,Moscow Exchange Index,RUB,2024-04-01,3363.29
IMOEX,Moscow Exchange Index,RUB,2024-04-02,3371.29
IMOEX,Moscow Exchange Index,RUB,2024-04-03,3395.59
IMOEX,Moscow Exchange Index,RUB,2024-04-04,3407.57
IMOEX,Moscow Exchange Index,RUB,2024-04-05,3395.37
IMOEX,Moscow Exchange Index,RUB,2024-04-08,3417.38
IMOEX,Moscow Exchange Index,RUB,2024-04-09,3414.26
IMOEX,Moscow Exchange Index,RUB,2024-04-10,3439.11
IMOEX,Moscow Exchange Index,RUB,2024-04-11,3439.53
IMOEX,Moscow Exchange Index,RUB,2024-04-12,3456.24
IMOEX,Moscow Exchange Index,RUB,2024-04-15,3472.19
IMOEX,Moscow Exchange Index,RUB,2024-04-16,3462.94
IMOEX,Moscow Exchange Index,RUB,2024-04-17,3454.07
IMOEX,Moscow Exchange Index,RUB,2024-04-18,3455.82
IMOEX,Moscow Exchange Index,RUB,2024-04-19,3470.88
IMOEX,Moscow Exchange Index,RUB,2024-04-22,3479.17
IMOEX,Moscow Exchange Index,RUB,2024-04-23,3439.42
IMOEX,Moscow Exchange Index,RUB,2024-04-24,3428.93
IMOEX,Moscow Exchange Index,RUB,2024-04-25,3439.76
IMOEX,Moscow Exchange Index,RUB,2024-04-26,3449.77
IMOEX,Moscow Exchange Index,RUB,2024-04-27,3465.85
IMOEX,Moscow Exchange Index,RUB,2024-04-29,3478.08
IMOEX,Moscow Exchange Index,RUB,2024-04-30,3469.83
IMOEX,Moscow Exchange Index,RUB,2024-05-02,3442.83
IMOEX,Moscow Exchange Index,RUB,2024-05-03,3441.77
IMOEX,Moscow Exchange Index,RUB,2024-05-06,3436.05
IMOEX,Moscow Exchange Index,RUB,2024-05-07,3427.61
IMOEX,Moscow Exchange Index,RUB,2024-05-08,3432.54
IMOEX,Moscow Exchange Index,RUB,2024-05-10,3449.78
IMOEX,Moscow Exchange Index,RUB,2024-05-13,3457.11
IMOEX,Moscow Exchange Index,RUB,2024-05-14,3463.93
IMOEX,Moscow Exchange Index,RUB,2024-05-15,3470.72
IMOEX,Moscow Exchange Index,RUB,2024-05-16,3486.26
IMOEX,Moscow Exchange Index,RUB,2024-05-17,3501.89
IMOEX,Moscow Exchange Index,RUB,2024-05-20,3468.09
IMOEX,Moscow Exchange Index,RUB,2024-05-21,3428.38
IMOEX,Moscow Exchange Index,RUB,2024-05-22,3444.64
IMOEX,Moscow Exchange Index,RUB,2024-05-23,3442.79
IMOEX,Moscow Exchange Index,RUB,2024-05-24,3396.5
IMOEX,Moscow Exchange Index,RUB,2024-05-27,3299.22
IMOEX,Moscow Exchange Index,RUB,2024-05-28,3302.91
IMOEX,Moscow Exchange Index,RUB,2024-05-29,3318.03
IMOEX,Moscow Exchange Index,RUB,2024-05-30,3282.18
IMOEX,Moscow Exchange Index,RUB,2024-05-31,3217.19
IMOEX,Moscow Exchange Index,RUB,2024-06-03,3141.42
IMOEX,Moscow Exchange Index,RUB,2024-06-04,3186.93
IMOEX,Moscow Exchange Index,RUB,2024-06-05,3212.24
IMOEX,Moscow Exchange Index,RUB,2024-06-06,3192.38
IMOEX,Moscow Exchange Index,RUB,2024-06-07,3233.22
IMOEX,Moscow Exchange Index,RUB,2024-06-10,3180.94
IMOEX,Moscow Exchange Index,RUB,2024-06-11,3171.1
IMOEX,Moscow Exchange Index,RUB,2024-06-13,3171.69
IMOEX,Moscow Exchange Index,RUB,2024-06-14,3215.91
IMOEX,Moscow Exchange Index,RUB,2024-06-17,3183.68
IMOEX,Moscow Exchange Index,RUB,2024-06-18,3114.15
IMOEX,Moscow Exchange Index,RUB,2024-06-19,3027.47
IMOEX,Moscow Exchange Index,RUB,2024-06-20,3123.43
IMOEX,Moscow Exchange Index,RUB,2024-06-21,3114.35
IMOEX,Moscow Exchange Index,RUB,2024-06-24,3098.05
IMOEX,Moscow Exchange Index,RUB,2024-06-25,3111.39
IMOEX,Moscow Exchange Index,RUB,2024-06-26,3151.7
IMOEX,Moscow Exchange Index,RUB,2024-06-27,3150.32
IMOEX,Moscow Exchange Index,RUB,2024-06-28,3154.36
IMOEX,Moscow Exchange Index,RUB,2024-07-01,3186.19
IMOEX,Moscow Exchange Index,RUB,2024-07-02,3217.29
IMOEX,Moscow Exchange Index,RUB,2024-07-03,3203.07
IMOEX,Moscow Exchange Index,RUB,2024-07-04,3133.81
IMOEX,Moscow Exchange Index,RUB,2024-07-05,3149.29
IMOEX,Moscow Exchange Index,RUB,2024-07-08,3132.58
IMOEX,Moscow Exchange Index,RUB,2024-07-09,3054.07
IMOEX,Moscow Exchange Index,RUB,2024-07-10,2975.75
IMOEX,Moscow Exchange Index,RUB,2024-07-11,2992.21
IMOEX,Moscow Exchange Index,RUB,2024-07-12,2973.21
IMOEX,Moscow Exchange Index,RUB,2024-07-15,2913.48
IMOEX,Moscow Exchange Index,RUB,2024-07-16,2944.86
IMOEX,Moscow Exchange Index,RUB,2024-07-17,2947.24
IMOEX,Moscow Exchange Index,RUB,2024-07-18,2980.62
IMOEX,Moscow Exchange Index,RUB,2024-07-19,3008.24
IMOEX,Moscow Exchange Index,RUB,2024-07-22,3024.54
IMOEX,Moscow Exchange Index,RUB,2024-07-23,3028.01
IMOEX,Moscow Exchange Index,RUB,2024-07-24,3051.76
IMOEX,Moscow Exchange Index,RUB,2024-07-25,3041.37
IMOEX,Moscow Exchange Index,RUB,2024-07-26,2993.23
IMOEX,Moscow Exchange Index,RUB,2024-07-29,2906.95
IMOEX,Moscow Exchange Index,RUB,2024-07-30,2944.78
IMOEX,Moscow Exchange Index,RUB,2024-07-31,2942.68
IMOEX,Moscow Exchange Index,RUB,2024-08-01,2935.69
IMOEX,Moscow Exchange Index,RUB,2024-08-02,2899.0
IMOEX,Moscow Exchange Index,RUB,2024-08-05,2828.72
IMOEX,Moscow Exchange Index,RUB,2024-08-06,2830.75
IMOEX,Moscow Exchange Index,RUB,2024-08-07,2874.94
IMOEX,Moscow Exchange Index,RUB,2024-08-08,2852.51
IMOEX,Moscow Exchange Index,RUB,2024-08-09,2848.29
IMOEX,Moscow Exchange Index,RUB,2024-08-12,2844.77
IMOEX,Moscow Exchange Index,RUB,2024-08-13,2884.6
IMOEX,Moscow Exchange Index,RUB,2024-08-14,2871.11
IMOEX,Moscow Exchange Index,RUB,2024-08-15,2838.11
IMOEX,Moscow Exchange Index,RUB,2024-08-16,2828.2
IMOEX,Moscow Exchange Index,RUB,2024-08-19,2775.64
IMOEX,Moscow Exchange Index,RUB,2024-08-20,2768.42
IMOEX,Moscow Exchange Index,RUB,2024-08-21,2768.14
IMOEX,Moscow Exchange Index,RUB,2024-08-22,2725.75
IMOEX,Moscow Exchange Index,RUB,2024-08-23,2662.47
IMOEX,Moscow Exchange Index,RUB,2024-08-26,2763.75
IMOEX,Moscow Exchange Index,RUB,2024-08-27,2730.38
IMOEX,Moscow Exchange Index,RUB,2024-08-28,2699.98
IMOEX,Moscow Exchange Index,RUB,2024-08-29,2708.27
IMOEX,Moscow Exchange Index,RUB,2024-08-30,2650.32
IMOEX,Moscow Exchange Index,RUB,2024-09-02,2545.07
IMOEX,Moscow Exchange Index,RUB,2024-09-03,2524.38
IMOEX,Moscow Exchange Index,RUB,2024-09-04,2605.15
IMOEX,Moscow Exchange Index,RUB,2024-09-05,2621.62
IMOEX,Moscow Exchange Index,RUB,2024-09-06,2623.37
IMOEX,Moscow Exchange Index,RUB,2024-09-09,2703.17
IMOEX,Moscow Exchange Index,RUB,2024-09-10,2671.38
IMOEX,Moscow Exchange Index,RUB,2024-09-11,2668.03
IMOEX,Moscow Exchange Index,RUB,2024-09-12,2615.0
IMOEX,Moscow Exchange Index,RUB,2024-09-13,2678.99
IMOEX,Moscow Exchange Index,RUB,2024-09-16,2744.2
IMOEX,Moscow Exchange Index,RUB,2024-09-17,2774.04
IMOEX,Moscow Exchange Index,RUB,2024-09-18,2751.73
IMOEX,Moscow Exchange Index,RUB,2024-09-19,2758.91
IMOEX,Moscow Exchange Index,RUB,2024-09-20,2782.35
IMOEX,Moscow Exchange Index,RUB,2024-09-23,2819.87
IMOEX,Moscow Exchange Index,RUB,2024-09-24,2871.96
IMOEX,Moscow Exchange Index,RUB,2024-09-25,2830.11
IMOEX,Moscow Exchange Index,RUB,2024-09-26,2829.65
IMOEX,Moscow Exchange Index,RUB,2024-09-27,2858.56
IMOEX,Moscow Exchange Index,RUB,2024-09-30,2857.56
IMOEX,Moscow Exchange Index,RUB,2024-10-01,2814.19
IMOEX,Moscow Exchange Index,RUB,2024-10-02,2766.79
IMOEX,Moscow Exchange Index,RUB,2024-10-03,2782.39
IMOEX,Moscow Exchange Index,RUB,2024-10-04,2804.62
IMOEX,Moscow Exchange Index,RUB,2024-10-07,2793.84
IMOEX,Moscow Exchange Index,RUB,2024-10-08,2788.37
IMOEX,Moscow Exchange Index,RUB,2024-10-09,2748.81
IMOEX,Moscow Exchange Index,RUB,2024-10-10,2761.54
IMOEX,Moscow Exchange Index,RUB,2024-10-11,2754.52
IMOEX,Moscow Exchange Index,RUB,2024-10-14,2773.36
IMOEX,Moscow Exchange Index,RUB,2024-10-15,2805.79
IMOEX,Moscow Exchange Index,RUB,2024-10-16,2783.46
IMOEX,Moscow Exchange Index,RUB,2024-10-17,2763.53
IMOEX,Moscow Exchange Index,RUB,2024-10-18,2751.9
IMOEX,Moscow Exchange Index,RUB,2024-10-21,2767.71
IMOEX,Moscow Exchange Index,RUB,2024-10-22,2755.19
IMOEX,Moscow Exchange Index,RUB,2024-10-23,2734.93
IMOEX,Moscow Exchange Index,RUB,2024-10-24,2718.42
IMOEX,Moscow Exchange Index,RUB,2024-10-25,2660.36
IMOEX,Moscow Exchange Index,RUB,2024-10-28,2575.06
IMOEX,Moscow Exchange Index,RUB,2024-10-29,2599.66
IMOEX,Moscow Exchange Index,RUB,2024-10-30,2615.38
IMOEX,Moscow Exchange Index,RUB,2024-10-31,2560.2
IMOEX,Moscow Exchange Index,RUB,2024-11-01,2574.71
IMOEX,Moscow Exchange Index,RUB,2024-11-02,2594.38
IMOEX,Moscow Exchange Index,RUB,2024-11-05,2616.51
IMOEX,Moscow Exchange Index,RUB,2024-11-06,2662.87
IMOEX,Moscow Exchange Index,RUB,2024-11-07,2690.63
IMOEX,Moscow Exchange Index,RUB,2024-11-08,2734.56
IMOEX,Moscow Exchange Index,RUB,2024-11-11,2785.31
IMOEX,Moscow Exchange Index,RUB,2024-11-12,2756.76
IMOEX,Moscow Exchange Index,RUB,2024-11-13,2763.99
IMOEX,Moscow Exchange Index,RUB,2024-11-14,2697.47
IMOEX,Moscow Exchange Index,RUB,2024-11-15,2739.21
IMOEX,Moscow Exchange Index,RUB,2024-11-18,2720.77
IMOEX,Moscow Exchange Index,RUB,2024-11-19,2630.51
IMOEX,Moscow Exchange Index,RUB,2024-11-20,2596.89
IMOEX,Moscow Exchange Index,RUB,2024-11-21,2568.6
IMOEX,Moscow Exchange Index,RUB,2024-11-22,2581.05
IMOEX,Moscow Exchange Index,RUB,2024-11-25,2530.69
IMOEX,Moscow Exchange Index,RUB,2024-11-26,2464.35
IMOEX,Moscow Exchange Index,RUB,2024-11-27,2491.88
IMOEX,Moscow Exchange Index,RUB,2024-11-28,2547.88
IMOEX,Moscow Exchange Index,RUB,2024-11-29,2578.0
IMOEX,Moscow Exchange Index,RUB,2024-12-02,2586.74
IMOEX,Moscow Exchange Index,RUB,2024-12-03,2539.64
IMOEX,Moscow Exchange Index,RUB,2024-12-04,2485.62
IMOEX,Moscow Exchange Index,RUB,2024-12-05,2510.83
IMOEX,Moscow Exchange Index,RUB,2024-12-06,2536.23
IMOEX,Moscow Exchange Index,RUB,2024-12-09,2572.89
IMOEX,Moscow Exchange Index,RUB,2024-12-10,2522.75
IMOEX,Moscow Exchange Index,RUB,2024-12-11,2512.54
IMOEX,Moscow Exchange Index,RUB,2024-12-12,2492.63
IMOEX,Moscow Exchange Index,RUB,2024-12-13,2485.2
IMOEX,Moscow Exchange Index,RUB,2024-12-16,2420.3
IMOEX,Moscow Exchange Index,RUB,2024-12-17,2377.15
IMOEX,Moscow Exchange Index,RUB,2024-12-18,2409.35
IMOEX,Moscow Exchange Index,RUB,2024-12-19,2416.45
IMOEX,Moscow Exchange Index,RUB,2024-12-20,2638.42
IMOEX,Moscow Exchange Index,RUB,2024-12-23,2702.48
IMOEX,Moscow Exchange Index,RUB,2024-12-24,2690.96
IMOEX,Moscow Exchange Index,RUB,2024-12-25,2732.83
IMOEX,Moscow Exchange Index,RUB,2024-12-26,2766.57
IMOEX,Moscow Exchange Index,RUB,2024-12-27,2757.45
IMOEX,Moscow Exchange Index,RUB,2024-12-28,2786.67
IMOEX,Moscow Exchange Index,RUB,2024-12-30,2883.04
IMOEX,Moscow Exchange Index,RUB,2025-01-03,2828.5
IMOEX,Moscow Exchange Index,RUB,2025-01-06,2816.26
IMOEX,Moscow Exchange Index,RUB,2025-01-08,2840.79
IMOEX,Moscow Exchange Index,RUB,2025-01-09,2773.12
IMOEX,Moscow Exchange Index,RUB,2025-01-10,2824.59
IMOEX,Moscow Exchange Index,RUB,2025-01-13,2866.11
IMOEX,Moscow Exchange Index,RUB,2025-01-14,2859.51
IMOEX,Moscow Exchange Index,RUB,2025-01-15,2842.96
IMOEX,Moscow Exchange Index,RUB,2025-01-16,2911.29
IMOEX,Moscow Exchange Index,RUB,2025-01-17,2945.52
IMOEX,Moscow Exchange Index,RUB,2025-01-20,2929.55
IMOEX,Moscow Exchange Index,RUB,2025-01-21,2934.71
IMOEX,Moscow Exchange Index,RUB,2025-01-22,2972.62
IMOEX,Moscow Exchange Index,RUB,2025-01-23,2926.1
IMOEX,Moscow Exchange Index,RUB,2025-01-24,2947.94
IMOEX,Moscow Exchange Index,RUB,2025-01-27,2891.39
IMOEX,Moscow Exchange Index,RUB,2025-01-28,2931.97
IMOEX,Moscow Exchange Index,RUB,2025-01-29,2950.68
IMOEX,Moscow Exchange Index,RUB,2025-01-30,2967.47
IMOEX,Moscow Exchange Index,RUB,2025-01-31,2948.1
IMOEX,Moscow Exchange Index,RUB,2025-02-03,2926.17
IMOEX,Moscow Exchange Index,RUB,2025-02-04,2917.71
IMOEX,Moscow Exchange Index,RUB,2025-02-05,2930.56
IMOEX,Moscow Exchange Index,RUB,2025-02-06,2970.12
IMOEX,Moscow Exchange Index,RUB,2025-02-07,2966.53
IMOEX,Moscow Exchange Index,RUB,2025-02-10,3012.39
IMOEX,Moscow Exchange Index,RUB,2025-02-11,3018.02
IMOEX,Moscow Exchange Index,RUB,2025-02-12,3025.63
IMOEX,Moscow Exchange Index,RUB,2025-02-13,3206.97
IMOEX,Moscow Exchange Index,RUB,2025-02-14,3185.0
IMOEX,Moscow Exchange Index,RUB,2025-02-17,3308.41
IMOEX,Moscow Exchange Index,RUB,2025-02-18,3258.76
IMOEX,Moscow Exchange Index,RUB,2025-02-19,3270.64
IMOEX,Moscow Exchange Index,RUB,2025-02-20,3292.62
IMOEX,Moscow Exchange Index,RUB,2025-02-21,3283.29
IMOEX,Moscow Exchange Index,RUB,2025-02-24,3303.63
IMOEX,Moscow Exchange Index,RUB,2025-02-25,3326.14
IMOEX,Moscow Exchange Index,RUB,2025-02-26,3276.0
IMOEX,Moscow Exchange Index,RUB,2025-02-27,3232.65
IMOEX,Moscow Exchange Index,RUB,2025-02-28,3200.48
IMOEX,Moscow Exchange Index,RUB,2025-03-03,3145.73
IMOEX,Moscow Exchange Index,RUB,2025-03-04,3241.63
IMOEX,Moscow Exchange Index,RUB,2025-03-05,3263.62
IMOEX,Moscow Exchange Index,RUB,2025-03-06,3207.7
IMOEX,Moscow Exchange Index,RUB,2025-03-07,3166.88
IMOEX,Moscow Exchange Index,RUB,2025-03-10,3200.81
IMOEX,Moscow Exchange Index,RUB,2025-03-11,3200.95
IMOEX,Moscow Exchange Index,RUB,2025-03-12,3183.97
IMOEX,Moscow Exchange Index,RUB,2025-03-13,3121.57
IMOEX,Moscow Exchange Index,RUB,2025-03-14,3195.08
IMOEX,Moscow Exchange Index,RUB,2025-03-17,3245.19
IMOEX,Moscow Exchange Index,RUB,2025-03-18,3257.49
IMOEX,Moscow Exchange Index,RUB,2025-03-19,3229.79
IMOEX,Moscow Exchange Index,RUB,2025-03-20,3223.14
IMOEX,Moscow Exchange Index,RUB,2025-03-21,3191.61
IMOEX,Moscow Exchange Index,RUB,2025-03-24,3178.66
IMOEX,Moscow Exchange Index,RUB,2025-03-25,3164.62
IMOEX,Moscow Exchange Index,RUB,2025-03-26,3146.31
IMOEX,Moscow Exchange Index,RUB,2025-03-27,3083.99
IMOEX,Moscow Exchange Index,RUB,2025-03-28,3025.65
IMOEX,Moscow Exchange Index,RUB,2025-03-31,3013.36
IMOEX,Moscow Exchange Index,RUB,2025-04-01,2964.43
IMOEX,Moscow Exchange Index,RUB,2025-04-02,2926.39
IMOEX,Moscow Exchange Index,RUB,2025-04-03,2859.58
IMOEX,Moscow Exchange Index,RUB,2025-04-04,2781.97
IMOEX,Moscow Exchange Index,RUB,2025-04-07,2729.89
IMOEX,Moscow Exchange Index,RUB,2025-04-08,2746.41
IMOEX,Moscow Exchange Index,RUB,2025-04-09,2650.69
IMOEX,Moscow Exchange Index,RUB,2025-04-10,2764.28
IMOEX,Moscow Exchange Index,RUB,2025-04-11,2829.92
IMOEX,Moscow Exchange Index,RUB,2025-04-14,2819.69
IMOEX,Moscow Exchange Index,RUB,2025-04-15,2805.55
IMOEX,Moscow Exchange Index,RUB,2025-04-16,2861.83
IMOEX,Moscow Exchange Index,RUB,2025-04-17,2865.32
IMOEX,Moscow Exchange Index,RUB,2025-04-18,2872.77
IMOEX,Moscow Exchange Index,RUB,2025-04-21,2922.46
IMOEX,Moscow Exchange Index,RUB,2025-04-22,2954.49
IMOEX,Moscow Exchange Index,RUB,2025-04-23,2943.23
IMOEX,Moscow Exchange Index,RUB,2025-04-24,2944.43
IMOEX,Moscow Exchange Index,RUB,2025-04-25,3006.14
IMOEX,Moscow Exchange Index,RUB,2025-04-28,3034.3
IMOEX,Moscow Exchange Index,RUB,2025-04-29,2957.66
IMOEX,Moscow Exchange Index,RUB,2025-04-30,2918.47
IMOEX,Moscow Exchange Index,RUB,2025-05-02,2836.7
IMOEX,Moscow Exchange Index,RUB,2025-05-05,2738.8
IMOEX,Moscow Exchange Index,RUB,2025-05-06,2820.07
IMOEX,Moscow Exchange Index,RUB,2025-05-07,2833.09
IMOEX,Moscow Exchange Index,RUB,2025-05-08,2850.93
IMOEX,Moscow Exchange Index,RUB,2025-05-12,2930.17
IMOEX,Moscow Exchange Index,RUB,2025-05-13,2935.53
IMOEX,Moscow Exchange Index,RUB,2025-05-14,2924.21
IMOEX,Moscow Exchange Index,RUB,2025-05-15,2840.05
IMOEX,Moscow Exchange Index,RUB,2025-05-16,2840.34
IMOEX,Moscow Exchange Index,RUB,2025-05-19,2882.63
IMOEX,Moscow Exchange Index,RUB,2025-05-20,2823.42
IMOEX,Moscow Exchange Index,RUB,2025-05-21,2809.58
IMOEX,Moscow Exchange Index,RUB,2025-05-22,2792.16
IMOEX,Moscow Exchange Index,RUB,2025-05-23,2770.1
IMOEX,Moscow Exchange Index,RUB,2025-05-26,2699.84
IMOEX,Moscow Exchange Index,RUB,2025-05-27,2736.75
IMOEX,Moscow Exchange Index,RUB,2025-05-28,2785.2
IMOEX,Moscow Exchange Index,RUB,2025-05-29,2809.94
IMOEX,Moscow Exchange Index,RUB,2025-05-30,2828.83
IMOEX,Moscow Exchange Index,RUB,2025-06-02,2829.67
IMOEX,Moscow Exchange Index,RUB,2025-06-03,2834.06
IMOEX,Moscow Exchange Index,RUB,2025-06-04,2836.64
IMOEX,Moscow Exchange Index,RUB,2025-06-05,2856.61
IMOEX,Moscow Exchange Index,RUB,2025-06-06,2786.16
IMOEX,Moscow Exchange Index,RUB,2025-06-09,2737.76
IMOEX,Moscow Exchange Index,RUB,2025-06-10,2722.37
IMOEX,Moscow Exchange Index,RUB,2025-06-11,2733.2
IMOEX,Moscow Exchange Index,RUB,2025-06-13,2750.32
IMOEX,Moscow Exchange Index,RUB,2025-06-16,2737.83
IMOEX,Moscow Exchange Index,RUB,2025-06-17,2788.94
IMOEX,Moscow Exchange Index,RUB,2025-06-18,2791.83
IMOEX,Moscow Exchange Index,RUB,2025-06-19,2783.81
IMOEX,Moscow Exchange Index,RUB,2025-06-20,2751.04
IMOEX,Moscow Exchange Index,RUB,2025-06-23,2759.67
IMOEX,Moscow Exchange Index,RUB,2025-06-24,2744.95
IMOEX,Moscow Exchange Index,RUB,2025-06-25,2790.78
IMOEX,Moscow Exchange Index,RUB,2025-06-26,2797.27
IMOEX,Moscow Exchange Index,RUB,2025-06-27,2806.11
IMOEX,Moscow Exchange Index,RUB,2025-06-30,2847.38
IMOEX,Moscow Exchange Index,RUB,2025-07-01,2848.44
IMOEX,Moscow Exchange Index,RUB,2025-07-02,2815.26
IMOEX,Moscow Exchange Index,RUB,2025-07-03,2823.34
IMOEX,Moscow Exchange Index,RUB,2025-07-04,2801.65
IMOEX,Moscow Exchange Index,RUB,2025-07-07,2756.14
IMOEX,Moscow Exchange Index,RUB,2025-07-08,2755.58
IMOEX,Moscow Exchange Index,RUB,2025-07-09,2696.45
IMOEX,Moscow Exchange Index,RUB,2025-07-10,2732.45
IMOEX,Moscow Exchange Index,RUB,2025-07-11,2642.02
IMOEX,Moscow Exchange Index,RUB,2025-07-14,2714.14
IMOEX,Moscow Exchange Index,RUB,2025-07-15,2756.95
IMOEX,Moscow Exchange Index,RUB,2025-07-16,2777.16
IMOEX,Moscow Exchange Index,RUB,2025-07-17,2761.48
IMOEX,Moscow Exchange Index,RUB,2025-07-18,2784.63
IMOEX,Moscow Exchange Index,RUB,2025-07-21,2821.78
IMOEX,Moscow Exchange Index,RUB,2025-07-22,2825.61
IMOEX,Moscow Exchange Index,RUB,2025-07-23,2841.16
IMOEX,Moscow Exchange Index,RUB,2025-07-24,2807.69
IMOEX,Moscow Exchange Index,RUB,2025-07-25,2772.39
IMOEX,Moscow Exchange Index,RUB,2025-07-28,2730.98
IMOEX,Moscow Exchange Index,RUB,2025-07-29,2758.28
IMOEX,Moscow Exchange Index,RUB,2025-07-30,2726.24
IMOEX,Moscow Exchange Index,RUB,2025-07-31,2732.12
IMOEX,Moscow Exchange Index,RUB,2025-08-01,2727.98
IMOEX,Moscow Exchange Index,RUB,2025-08-04,2773.85
IMOEX,Moscow Exchange Index,RUB,2025-08-05,2786.37
IMOEX,Moscow Exchange Index,RUB,2025-08-06,2764.62
IMOEX,Moscow Exchange Index,RUB,2025-08-07,2876.43
IMOEX,Moscow Exchange Index,RUB,2025-08-08,2924.63
IMOEX,Moscow Exchange Index,RUB,2025-08-11,2964.15
XAUT-USD,Gold,USD,2022-08-12,1786.93
XAUT-USD,Gold,USD,2022-08-13,1790.79
XAUT-USD,Gold,USD,2022-08-14,1792.63
XAUT-USD,Gold,USD,2022-08-15,1775.09
XAUT-USD,Gold,USD,2022-08-16,1770.26
XAUT-USD,Gold,USD,2022-08-17,1760.37
XAUT-USD,Gold,USD,2022-08-18,1750.99
XAUT-USD,Gold,USD,2022-08-19,1741.47
XAUT-USD,Gold,USD,2022-08-20,1741.93
XAUT-USD,Gold,USD,2022-08-21,1740.72
XAUT-USD,Gold,USD,2022-08-22,1730.64
XAUT-USD,Gold,USD,2022-08-23,1740.62
XAUT-USD,Gold,USD,2022-08-24,1745.51
XAUT-USD,Gold,USD,2022-08-25,1750.73
XAUT-USD,Gold,USD,2022-08-26,1731.48
XAUT-USD,Gold,USD,2022-08-27,1730.84
XAUT-USD,Gold,USD,2022-08-28,1730.63
XAUT-USD,Gold,USD,2022-08-29,1730.01
XAUT-USD,Gold,USD,2022-08-30,1719.08
XAUT-USD,Gold,USD,2022-08-31,1704.77
XAUT-USD,Gold,USD,2022-09-01,1693.64
XAUT-USD,Gold,USD,2022-09-02,1709.81
XAUT-USD,Gold,USD,2022-09-03,1710.36
XAUT-USD,Gold,USD,2022-09-04,1707.4
XAUT-USD,Gold,USD,2022-09-05,1710.07
XAUT-USD,Gold,USD,2022-09-06,1701.07
XAUT-USD,Gold,USD,2022-09-07,1714.97
XAUT-USD,Gold,USD,2022-09-08,1705.36
XAUT-USD,Gold,USD,2022-09-09,1706.42
XAUT-USD,Gold,USD,2022-09-10,1710.68
XAUT-USD,Gold,USD,2022-09-11,1711.58
XAUT-USD,Gold,USD,2022-09-12,1721.7
XAUT-USD,Gold,USD,2022-09-13,1699.15
XAUT-USD,Gold,USD,2022-09-14,1693.07
XAUT-USD,Gold,USD,2022-09-15,1657.85
XAUT-USD,Gold,USD,2022-09-16,1667.02
XAUT-USD,Gold,USD,2022-09-17,1668.54
XAUT-USD,Gold,USD,2022-09-18,1673.98
XAUT-USD,Gold,USD,2022-09-19,1669.79
XAUT-USD,Gold,USD,2022-09-20,1667.55
XAUT-USD,Gold,USD,2022-09-21,1667.27
XAUT-USD,Gold,USD,2022-09-22,1667.91
XAUT-USD,Gold,USD,2022-09-23,1645.27
XAUT-USD,Gold,USD,2022-09-24,1643.54
XAUT-USD,Gold,USD,2022-09-25,1643.88
XAUT-USD,Gold,USD,2022-09-26,1626.88
XAUT-USD,Gold,USD,2022-09-27,1629.18
XAUT-USD,Gold,USD,2022-09-28,1654.33
XAUT-USD,Gold,USD,2022-09-29,1660.75
XAUT-USD,Gold,USD,2022-09-30,1660.82
XAUT-USD,Gold,USD,2022-10-01,1658.87
XAUT-USD,Gold,USD,2022-10-02,1657.39
XAUT-USD,Gold,USD,2022-10-03,1694.97
XAUT-USD,Gold,USD,2022-10-04,1722.07
XAUT-USD,Gold,USD,2022-10-05,1713.87
XAUT-USD,Gold,USD,2022-10-06,1708.54
XAUT-USD,Gold,USD,2022-10-07,1696.9
XAUT-USD,Gold,USD,2022-10-08,1693.37
XAUT-USD,Gold,USD,2022-10-09,1693.98
XAUT-USD,Gold,USD,2022-10-10,1668.37
XAUT-USD,Gold,USD,2022-10-11,1664.16
XAUT-USD,Gold,USD,2022-10-12,1671.21
XAUT-USD,Gold,USD,2022-10-13,1662.63
XAUT-USD,Gold,USD,2022-10-14,1639.76
XAUT-USD,Gold,USD,2022-10-15,1639.79
XAUT-USD,Gold,USD,2022-10-16,1643.01
XAUT-USD,Gold,USD,2022-10-17,1647.71
XAUT-USD,Gold,USD,2022-10-18,1649.11
XAUT-USD,Gold,USD,2022-10-19,1627.07
XAUT-USD,Gold,USD,2022-10-20,1625.03
XAUT-USD,Gold,USD,2022-10-21,1653.07
XAUT-USD,Gold,USD,2022-10-22,1656.07
XAUT-USD,Gold,USD,2022-10-23,1658.99
XAUT-USD,Gold,USD,2022-10-24,1649.3
XAUT-USD,Gold,USD,2022-10-25,1650.06
XAUT-USD,Gold,USD,2022-10-26,1663.84
XAUT-USD,Gold,USD,2022-10-27,1658.14
XAUT-USD,Gold,USD,2022-10-28,1642.4
XAUT-USD,Gold,USD,2022-10-29,1642.11
XAUT-USD,Gold,USD,2022-10-30,1641.44
XAUT-USD,Gold,USD,2022-10-31,1631.2
XAUT-USD,Gold,USD,2022-11-01,1644.37
XAUT-USD,Gold,USD,2022-11-02,1636.46
XAUT-USD,Gold,USD,2022-11-03,1633.37
XAUT-USD,Gold,USD,2022-11-04,1678.83
XAUT-USD,Gold,USD,2022-11-05,1680.17
XAUT-USD,Gold,USD,2022-11-06,1672.49
XAUT-USD,Gold,USD,2022-11-07,1670.84
XAUT-USD,Gold,USD,2022-11-08,1703.21
XAUT-USD,Gold,USD,2022-11-09,1706.25
XAUT-USD,Gold,USD,2022-11-10,1737.31
XAUT-USD,Gold,USD,2022-11-11,1737.69
XAUT-USD,Gold,USD,2022-11-12,1753.5
XAUT-USD,Gold,USD,2022-11-13,1752.98
XAUT-USD,Gold,USD,2022-11-14,1751.52
XAUT-USD,Gold,USD,2022-11-15,1763.65
XAUT-USD,Gold,USD,2022-11-16,1767.02
XAUT-USD,Gold,USD,2022-11-17,1755.66
XAUT-USD,Gold,USD,2022-11-18,1751.44
XAUT-USD,Gold,USD,2022-11-19,1746.76
XAUT-USD,Gold,USD,2022-11-20,1741.1
XAUT-USD,Gold,USD,2022-11-21,1733.33
XAUT-USD,Gold,USD,2022-11-22,1732.62
XAUT-USD,Gold,USD,2022-11-23,1740.19
XAUT-USD,Gold,USD,2022-11-24,1745.84
XAUT-USD,Gold,USD,2022-11-25,1744.77
XAUT-USD,Gold,USD,2022-11-26,1741.19
XAUT-USD,Gold,USD,2022-11-27,1744.73
XAUT-USD,Gold,USD,2022-11-28,1736.04
XAUT-USD,Gold,USD,2022-11-29,1740.79
XAUT-USD,Gold,USD,2022-11-30,1750.08
XAUT-USD,Gold,USD,2022-12-01,1777.87
XAUT-USD,Gold,USD,2022-12-02,1778.99
XAUT-USD,Gold,USD,2022-12-03,1781.45
XAUT-USD,Gold,USD,2022-12-04,1785.42
XAUT-USD,Gold,USD,2022-12-05,1765.94
XAUT-USD,Gold,USD,2022-12-06,1762.05
XAUT-USD,Gold,USD,2022-12-07,1772.65
XAUT-USD,Gold,USD,2022-12-08,1776.57
XAUT-USD,Gold,USD,2022-12-09,1784.95
XAUT-USD,Gold,USD,2022-12-10,1783.87
XAUT-USD,Gold,USD,2022-12-11,1779.83
XAUT-USD,Gold,USD,2022-12-12,1763.85
XAUT-USD,Gold,USD,2022-12-13,1788.62
XAUT-USD,Gold,USD,2022-12-14,1789.15
XAUT-USD,Gold,USD,2022-12-15,1770.86
XAUT-USD,Gold,USD,2022-12-16,1789.5
XAUT-USD,Gold,USD,2022-12-17,1777.94
XAUT-USD,Gold,USD,2022-12-18,1775.96
XAUT-USD,Gold,USD,2022-12-19,1772.08
XAUT-USD,Gold,USD,2022-12-20,1794.99
XAUT-USD,Gold,USD,2022-12-21,1796.87
XAUT-USD,Gold,USD,2022-12-22,1777.46
XAUT-USD,Gold,USD,2022-12-23,1782.7
XAUT-USD,Gold,USD,2022-12-24,1786.01
XAUT-USD,Gold,USD,2022-12-25,1788.92
XAUT-USD,Gold,USD,2022-12-26,1791.88
XAUT-USD,Gold,USD,2022-12-27,1796.88
XAUT-USD,Gold,USD,2022-12-28,1804.72
XAUT-USD,Gold,USD,2022-12-29,1813.83
XAUT-USD,Gold,USD,2022-12-30,1817.15
XAUT-USD,Gold,USD,2022-12-31,1814.8
XAUT-USD,Gold,USD,2023-01-01,1817.21
XAUT-USD,Gold,USD,2023-01-02,1817.01
XAUT-USD,Gold,USD,2023-01-03,1833.52
XAUT-USD,Gold,USD,2023-01-04,1850.59
XAUT-USD,Gold,USD,2023-01-05,1830.7
XAUT-USD,Gold,USD,2023-01-06,1841.61
XAUT-USD,Gold,USD,2023-01-07,1846.02
XAUT-USD,Gold,USD,2023-01-08,1846.95
XAUT-USD,Gold,USD,2023-01-09,1862.48
XAUT-USD,Gold,USD,2023-01-10,1880.62
XAUT-USD,Gold,USD,2023-01-11,1874.17
XAUT-USD,Gold,USD,2023-01-12,1889.79
XAUT-USD,Gold,USD,2023-01-13,1900.86
XAUT-USD,Gold,USD,2023-01-14,1904.36
XAUT-USD,Gold,USD,2023-01-15,1910.03
XAUT-USD,Gold,USD,2023-01-16,1908.17
XAUT-USD,Gold,USD,2023-01-17,1887.39
XAUT-USD,Gold,USD,2023-01-18,1891.69
XAUT-USD,Gold,USD,2023-01-19,1911.45
XAUT-USD,Gold,USD,2023-01-20,1921.16
XAUT-USD,Gold,USD,2023-01-21,1920.38
XAUT-USD,Gold,USD,2023-01-22,1915.17
XAUT-USD,Gold,USD,2023-01-23,1922.02
XAUT-USD,Gold,USD,2023-01-24,1921.01
XAUT-USD,Gold,USD,2023-01-25,1921.96
XAUT-USD,Gold,USD,2023-01-26,1907.51
XAUT-USD,Gold,USD,2023-01-27,1913.92
XAUT-USD,Gold,USD,2023-01-28,1914.52
XAUT-USD,Gold,USD,2023-01-29,1911.14
XAUT-USD,Gold,USD,2023-01-30,1913.79
XAUT-USD,Gold,USD,2023-01-31,1916.68
XAUT-USD,Gold,USD,2023-02-01,1931.78
XAUT-USD,Gold,USD,2023-02-02,1912.12
XAUT-USD,Gold,USD,2023-02-03,1868.22
XAUT-USD,Gold,USD,2023-02-04,1863.84
XAUT-USD,Gold,USD,2023-02-05,1862.62
XAUT-USD,Gold,USD,2023-02-06,1864.04
XAUT-USD,Gold,USD,2023-02-07,1869.36
XAUT-USD,Gold,USD,2023-02-08,1869.56
XAUT-USD,Gold,USD,2023-02-09,1858.24
XAUT-USD,Gold,USD,2023-02-10,1856.0
XAUT-USD,Gold,USD,2023-02-11,1851.63
XAUT-USD,Gold,USD,2023-02-12,1854.76
XAUT-USD,Gold,USD,2023-02-13,1844.44
XAUT-USD,Gold,USD,2023-02-14,1847.88
XAUT-USD,Gold,USD,2023-02-15,1840.44
XAUT-USD,Gold,USD,2023-02-16,1832.13
XAUT-USD,Gold,USD,2023-02-17,1837.31
XAUT-USD,Gold,USD,2023-02-18,1841.33
XAUT-USD,Gold,USD,2023-02-19,1836.69
XAUT-USD,Gold,USD,2023-02-20,1839.42
XAUT-USD,Gold,USD,2023-02-21,1837.8
XAUT-USD,Gold,USD,2023-02-22,1829.26
XAUT-USD,Gold,USD,2023-02-23,1825.46
XAUT-USD,Gold,USD,2023-02-24,1809.73
XAUT-USD,Gold,USD,2023-02-25,1811.68
XAUT-USD,Gold,USD,2023-02-26,1810.09
XAUT-USD,Gold,USD,2023-02-27,1812.5
XAUT-USD,Gold,USD,2023-02-28,1822.51
XAUT-USD,Gold,USD,2023-03-01,1836.33
XAUT-USD,Gold,USD,2023-03-02,1837.18
XAUT-USD,Gold,USD,2023-03-03,1854.23
XAUT-USD,Gold,USD,2023-03-04,1855.85
XAUT-USD,Gold,USD,2023-03-05,1852.36
XAUT-USD,Gold,USD,2023-03-06,1849.41
XAUT-USD,Gold,USD,2023-03-07,1822.38
XAUT-USD,Gold,USD,2023-03-08,1816.86
XAUT-USD,Gold,USD,2023-03-09,1831.16
XAUT-USD,Gold,USD,2023-03-10,1858.19
XAUT-USD,Gold,USD,2023-03-11,1872.03
XAUT-USD,Gold,USD,2023-03-12,1896.42
XAUT-USD,Gold,USD,2023-03-13,1910.38
XAUT-USD,Gold,USD,2023-03-14,1906.07
XAUT-USD,Gold,USD,2023-03-15,1918.55
XAUT-USD,Gold,USD,2023-03-16,1916.99
XAUT-USD,Gold,USD,2023-03-17,1981.22
XAUT-USD,Gold,USD,2023-03-18,1984.21
XAUT-USD,Gold,USD,2023-03-19,1984.05
XAUT-USD,Gold,USD,2023-03-20,1973.83
XAUT-USD,Gold,USD,2023-03-21,1952.85
XAUT-USD,Gold,USD,2023-03-22,1969.33
XAUT-USD,Gold,USD,2023-03-23,1990.04
XAUT-USD,Gold,USD,2023-03-24,1983.34
XAUT-USD,Gold,USD,2023-03-25,1976.89
XAUT-USD,Gold,USD,2023-03-26,1979.53
XAUT-USD,Gold,USD,2023-03-27,1962.87
XAUT-USD,Gold,USD,2023-03-28,1976.23
XAUT-USD,Gold,USD,2023-03-29,1965.23
XAUT-USD,Gold,USD,2023-03-30,1982.88
XAUT-USD,Gold,USD,2023-03-31,1978.33
XAUT-USD,Gold,USD,2023-04-01,1973.38
XAUT-USD,Gold,USD,2023-04-02,1965.18
XAUT-USD,Gold,USD,2023-04-03,1983.85
XAUT-USD,Gold,USD,2023-04-04,2020.18
XAUT-USD,Gold,USD,2023-04-05,2021.76
XAUT-USD,Gold,USD,2023-04-06,2016.94
XAUT-USD,Gold,USD,2023-04-07,2012.34
XAUT-USD,Gold,USD,2023-04-08,2011.8
XAUT-USD,Gold,USD,2023-04-09,2005.05
XAUT-USD,Gold,USD,2023-04-10,1995.36
XAUT-USD,Gold,USD,2023-04-11,2005.74
XAUT-USD,Gold,USD,2023-04-12,2020.43
XAUT-USD,Gold,USD,2023-04-13,2041.5
XAUT-USD,Gold,USD,2023-04-14,2008.11
XAUT-USD,Gold,USD,2023-04-15,2006.05
XAUT-USD,Gold,USD,2023-04-16,2006.9
XAUT-USD,Gold,USD,2023-04-17,1998.28
XAUT-USD,Gold,USD,2023-04-18,2008.54
XAUT-USD,Gold,USD,2023-04-19,1996.93
XAUT-USD,Gold,USD,2023-04-20,2007.24
XAUT-USD,Gold,USD,2023-04-21,1985.85
XAUT-USD,Gold,USD,2023-04-22,1984.7
XAUT-USD,Gold,USD,2023-04-23,1986.31
XAUT-USD,Gold,USD,2023-04-24,1995.7
XAUT-USD,Gold,USD,2023-04-25,1999.64
XAUT-USD,Gold,USD,2023-04-26,1996.06
XAUT-USD,Gold,USD,2023-04-27,1989.81
XAUT-USD,Gold,USD,2023-04-28,1992.36
XAUT-USD,Gold,USD,2023-04-29,1993.79
XAUT-USD,Gold,USD,2023-04-30,1990.87
XAUT-USD,Gold,USD,2023-05-01,1985.71
XAUT-USD,Gold,USD,2023-05-02,2015.11
XAUT-USD,Gold,USD,2023-05-03,2047.52
XAUT-USD,Gold,USD,2023-05-04,2047.53
XAUT-USD,Gold,USD,2023-05-05,2014.43
XAUT-USD,Gold,USD,2023-05-06,2015.91
XAUT-USD,Gold,USD,2023-05-07,2016.02
XAUT-USD,Gold,USD,2023-05-08,2022.06
XAUT-USD,Gold,USD,2023-05-09,2034.99
XAUT-USD,Gold,USD,2023-05-10,2031.39
XAUT-USD,Gold,USD,2023-05-11,2017.87
XAUT-USD,Gold,USD,2023-05-12,2014.29
XAUT-USD,Gold,USD,2023-05-13,2011.68
XAUT-USD,Gold,USD,2023-05-14,2011.77
XAUT-USD,Gold,USD,2023-05-15,2014.38
XAUT-USD,Gold,USD,2023-05-16,1995.2
XAUT-USD,Gold,USD,2023-05-17,1987.49
XAUT-USD,Gold,USD,2023-05-18,1964.3
XAUT-USD,Gold,USD,2023-05-19,1977.58
XAUT-USD,Gold,USD,2023-05-20,1976.84
XAUT-USD,Gold,USD,2023-05-21,1977.68
XAUT-USD,Gold,USD,2023-05-22,1972.46
XAUT-USD,Gold,USD,2023-05-23,1974.71
XAUT-USD,Gold,USD,2023-05-24,1960.9
XAUT-USD,Gold,USD,2023-05-25,1944.59
XAUT-USD,Gold,USD,2023-05-26,1956.94
XAUT-USD,Gold,USD,2023-05-27,1949.83
XAUT-USD,Gold,USD,2023-05-28,1943.17
XAUT-USD,Gold,USD,2023-05-29,1943.92
XAUT-USD,Gold,USD,2023-05-30,1958.05
XAUT-USD,Gold,USD,2023-05-31,1962.86
XAUT-USD,Gold,USD,2023-06-01,1973.65
XAUT-USD,Gold,USD,2023-06-02,1952.95
XAUT-USD,Gold,USD,2023-06-03,1950.85
XAUT-USD,Gold,USD,2023-06-04,1951.47
XAUT-USD,Gold,USD,2023-06-05,1959.89
XAUT-USD,Gold,USD,2023-06-06,1960.59
XAUT-USD,Gold,USD,2023-06-07,1943.57
XAUT-USD,Gold,USD,2023-06-08,1961.55
XAUT-USD,Gold,USD,2023-06-09,1961.69
XAUT-USD,Gold,USD,2023-06-10,1957.69
XAUT-USD,Gold,USD,2023-06-11,1958.92
XAUT-USD,Gold,USD,2023-06-12,1959.09
XAUT-USD,Gold,USD,2023-06-13,1945.29
XAUT-USD,Gold,USD,2023-06-14,1945.64
XAUT-USD,Gold,USD,2023-06-15,1956.29
XAUT-USD,Gold,USD,2023-06-16,1957.39
XAUT-USD,Gold,USD,2023-06-17,1957.18
XAUT-USD,Gold,USD,2023-06-18,1954.95
XAUT-USD,Gold,USD,2023-06-19,1952.39
XAUT-USD,Gold,USD,2023-06-20,1938.78
XAUT-USD,Gold,USD,2023-06-21,1934.33
XAUT-USD,Gold,USD,2023-06-22,1919.35
XAUT-USD,Gold,USD,2023-06-23,1926.89
XAUT-USD,Gold,USD,2023-06-24,1926.66
XAUT-USD,Gold,USD,2023-06-25,1929.67
XAUT-USD,Gold,USD,2023-06-26,1925.82
XAUT-USD,Gold,USD,2023-06-27,1919.64
XAUT-USD,Gold,USD,2023-06-28,1913.69
XAUT-USD,Gold,USD,2023-06-29,1912.25
XAUT-USD,Gold,USD,2023-06-30,1922.51
XAUT-USD,Gold,USD,2023-07-01,1918.32
XAUT-USD,Gold,USD,2023-07-02,1920.5
XAUT-USD,Gold,USD,2023-07-03,1924.61
XAUT-USD,Gold,USD,2023-07-04,1926.25
XAUT-USD,Gold,USD,2023-07-05,1918.02
XAUT-USD,Gold,USD,2023-07-06,1910.51
XAUT-USD,Gold,USD,2023-07-07,1924.65
XAUT-USD,Gold,USD,2023-07-08,1924.38
XAUT-USD,Gold,USD,2023-07-09,1924.75
XAUT-USD,Gold,USD,2023-07-10,1925.36
XAUT-USD,Gold,USD,2023-07-11,1932.77
XAUT-USD,Gold,USD,2023-07-12,1952.0
XAUT-USD,Gold,USD,2023-07-13,1959.17
XAUT-USD,Gold,USD,2023-07-14,1955.01
XAUT-USD,Gold,USD,2023-07-15,1953.88
XAUT-USD,Gold,USD,2023-07-16,1954.11
XAUT-USD,Gold,USD,2023-07-17,1955.24
XAUT-USD,Gold,USD,2023-07-18,1976.83
XAUT-USD,Gold,USD,2023-07-19,1977.37
XAUT-USD,Gold,USD,2023-07-20,1969.22
XAUT-USD,Gold,USD,2023-07-21,1965.33
XAUT-USD,Gold,USD,2023-07-22,1964.56
XAUT-USD,Gold,USD,2023-07-23,1963.11
XAUT-USD,Gold,USD,2023-07-24,1957.66
XAUT-USD,Gold,USD,2023-07-25,1969.31
XAUT-USD,Gold,USD,2023-07-26,1971.08
XAUT-USD,Gold,USD,2023-07-27,1948.39
XAUT-USD,Gold,USD,2023-07-28,1960.21
XAUT-USD,Gold,USD,2023-07-29,1955.35
XAUT-USD,Gold,USD,2023-07-30,1957.83
XAUT-USD,Gold,USD,2023-07-31,1967.01
XAUT-USD,Gold,USD,2023-08-01,1951.34
XAUT-USD,Gold,USD,2023-08-02,1937.46
XAUT-USD,Gold,USD,2023-08-03,1934.15
XAUT-USD,Gold,USD,2023-08-04,1940.33
XAUT-USD,Gold,USD,2023-08-05,1943.5
XAUT-USD,Gold,USD,2023-08-06,1940.45
XAUT-USD,Gold,USD,2023-08-07,1941.72
XAUT-USD,Gold,USD,2023-08-08,1931.07
XAUT-USD,Gold,USD,2023-08-09,1921.68
XAUT-USD,Gold,USD,2023-08-10,1917.36
XAUT-USD,Gold,USD,2023-08-11,1913.43
XAUT-USD,Gold,USD,2023-08-12,1915.35
XAUT-USD,Gold,USD,2023-08-13,1910.58
XAUT-USD,Gold,USD,2023-08-14,1910.27
XAUT-USD,Gold,USD,2023-08-15,1905.01
XAUT-USD,Gold,USD,2023-08-16,1900.93
XAUT-USD,Gold,USD,2023-08-17,1898.0
XAUT-USD,Gold,USD,2023-08-18,1899.06
XAUT-USD,Gold,USD,2023-08-19,1897.92
XAUT-USD,Gold,USD,2023-08-20,1896.49
XAUT-USD,Gold,USD,2023-08-21,1902.97
XAUT-USD,Gold,USD,2023-08-22,1906.77
XAUT-USD,Gold,USD,2023-08-23,1923.85
XAUT-USD,Gold,USD,2023-08-24,1918.32
XAUT-USD,Gold,USD,2023-08-25,1917.13
XAUT-USD,Gold,USD,2023-08-26,1917.91
XAUT-USD,Gold,USD,2023-08-27,1919.3
XAUT-USD,Gold,USD,2023-08-28,1922.03
XAUT-USD,Gold,USD,2023-08-29,1937.26
XAUT-USD,Gold,USD,2023-08-30,1942.66
XAUT-USD,Gold,USD,2023-08-31,1943.72
XAUT-USD,Gold,USD,2023-09-01,1939.81
XAUT-USD,Gold,USD,2023-09-02,1940.35
XAUT-USD,Gold,USD,2023-09-03,1939.45
XAUT-USD,Gold,USD,2023-09-04,1941.04
XAUT-USD,Gold,USD,2023-09-05,1928.51
XAUT-USD,Gold,USD,2023-09-06,1917.98
XAUT-USD,Gold,USD,2023-09-07,1918.88
XAUT-USD,Gold,USD,2023-09-08,1924.45
XAUT-USD,Gold,USD,2023-09-09,1924.22
XAUT-USD,Gold,USD,2023-09-10,1919.13
XAUT-USD,Gold,USD,2023-09-11,1925.93
XAUT-USD,Gold,USD,2023-09-12,1919.61
XAUT-USD,Gold,USD,2023-09-13,1916.73
XAUT-USD,Gold,USD,2023-09-14,1912.17
XAUT-USD,Gold,USD,2023-09-15,1920.74
XAUT-USD,Gold,USD,2023-09-16,1916.64
XAUT-USD,Gold,USD,2023-09-17,1929.27
XAUT-USD,Gold,USD,2023-09-18,1932.91
XAUT-USD,Gold,USD,2023-09-19,1925.22
XAUT-USD,Gold,USD,2023-09-20,1929.95
XAUT-USD,Gold,USD,2023-09-21,1924.33
XAUT-USD,Gold,USD,2023-09-22,1921.34
XAUT-USD,Gold,USD,2023-09-23,1923.51
XAUT-USD,Gold,USD,2023-09-24,1919.31
XAUT-USD,Gold,USD,2023-09-25,1918.82
XAUT-USD,Gold,USD,2023-09-26,1899.98
XAUT-USD,Gold,USD,2023-09-27,1879.74
XAUT-USD,Gold,USD,2023-09-28,1875.06
XAUT-USD,Gold,USD,2023-09-29,1855.88
XAUT-USD,Gold,USD,2023-09-30,1854.97
XAUT-USD,Gold,USD,2023-10-01,1861.79
XAUT-USD,Gold,USD,2023-10-02,1835.49
XAUT-USD,Gold,USD,2023-10-03,1831.75
XAUT-USD,Gold,USD,2023-10-04,1822.04
XAUT-USD,Gold,USD,2023-10-05,1830.64
XAUT-USD,Gold,USD,2023-10-06,1833.02
XAUT-USD,Gold,USD,2023-10-07,1835.8
XAUT-USD,Gold,USD,2023-10-08,1854.72
XAUT-USD,Gold,USD,2023-10-09,1865.25
XAUT-USD,Gold,USD,2023-10-10,1863.06
XAUT-USD,Gold,USD,2023-10-11,1880.93
XAUT-USD,Gold,USD,2023-10-12,1878.14
XAUT-USD,Gold,USD,2023-10-13,1928.39
XAUT-USD,Gold,USD,2023-10-14,1934.12
XAUT-USD,Gold,USD,2023-10-15,1928.02
XAUT-USD,Gold,USD,2023-10-16,1922.47
XAUT-USD,Gold,USD,2023-10-17,1927.1
XAUT-USD,Gold,USD,2023-10-18,1946.37
XAUT-USD,Gold,USD,2023-10-19,1967.9
XAUT-USD,Gold,USD,2023-10-20,1982.23
XAUT-USD,Gold,USD,2023-10-21,1982.71
XAUT-USD,Gold,USD,2023-10-22,1977.55
XAUT-USD,Gold,USD,2023-10-23,1973.48
XAUT-USD,Gold,USD,2023-10-24,1973.33
XAUT-USD,Gold,USD,2023-10-25,1983.11
XAUT-USD,Gold,USD,2023-10-26,1983.49
XAUT-USD,Gold,USD,2023-10-27,2009.59
XAUT-USD,Gold,USD,2023-10-28,2003.28
XAUT-USD,Gold,USD,2023-10-29,2006.0
XAUT-USD,Gold,USD,2023-10-30,2000.9
XAUT-USD,Gold,USD,2023-10-31,1993.87
XAUT-USD,Gold,USD,2023-11-01,1989.2
XAUT-USD,Gold,USD,2023-11-02,1985.8
XAUT-USD,Gold,USD,2023-11-03,1993.47
XAUT-USD,Gold,USD,2023-11-04,1995.77
XAUT-USD,Gold,USD,2023-11-05,1991.05
XAUT-USD,Gold,USD,2023-11-06,1980.85
XAUT-USD,Gold,USD,2023-11-07,1968.07
XAUT-USD,Gold,USD,2023-11-08,1954.46
XAUT-USD,Gold,USD,2023-11-09,1959.64
XAUT-USD,Gold,USD,2023-11-10,1942.19
XAUT-USD,Gold,USD,2023-11-11,1941.29
XAUT-USD,Gold,USD,2023-11-12,1946.13
XAUT-USD,Gold,USD,2023-11-13,1950.02
XAUT-USD,Gold,USD,2023-11-14,1965.5
XAUT-USD,Gold,USD,2023-11-15,1965.22
XAUT-USD,Gold,USD,2023-11-16,1981.1
XAUT-USD,Gold,USD,2023-11-17,1982.09
XAUT-USD,Gold,USD,2023-11-18,1981.39
XAUT-USD,Gold,USD,2023-11-19,1985.76
XAUT-USD,Gold,USD,2023-11-20,1981.11
XAUT-USD,Gold,USD,2023-11-21,1998.24
XAUT-USD,Gold,USD,2023-11-22,1994.05
XAUT-USD,Gold,USD,2023-11-23,1998.54
XAUT-USD,Gold,USD,2023-11-24,2004.42
XAUT-USD,Gold,USD,2023-11-25,2000.58
XAUT-USD,Gold,USD,2023-11-26,1998.89
XAUT-USD,Gold,USD,2023-11-27,2016.96
XAUT-USD,Gold,USD,2023-11-28,2044.75
XAUT-USD,Gold,USD,2023-11-29,2046.13
XAUT-USD,Gold,USD,2023-11-30,2042.54
XAUT-USD,Gold,USD,2023-12-01,2068.83
XAUT-USD,Gold,USD,2023-12-02,2072.71
XAUT-USD,Gold,USD,2023-12-03,2110.31
XAUT-USD,Gold,USD,2023-12-04,2034.97
XAUT-USD,Gold,USD,2023-12-05,2024.78
XAUT-USD,Gold,USD,2023-12-06,2029.96
XAUT-USD,Gold,USD,2023-12-07,2029.86
XAUT-USD,Gold,USD,2023-12-08,2007.98
XAUT-USD,Gold,USD,2023-12-09,2012.84
XAUT-USD,Gold,USD,2023-12-10,2013.25
XAUT-USD,Gold,USD,2023-12-11,1988.2
XAUT-USD,Gold,USD,2023-12-12,1989.89
XAUT-USD,Gold,USD,2023-12-13,2030.32
XAUT-USD,Gold,USD,2023-12-14,2033.2
XAUT-USD,Gold,USD,2023-12-15,2022.72
XAUT-USD,Gold,USD,2023-12-16,2020.29
XAUT-USD,Gold,USD,2023-12-17,2019.8
XAUT-USD,Gold,USD,2023-12-18,2032.04
XAUT-USD,Gold,USD,2023-12-19,2042.13
XAUT-USD,Gold,USD,2023-12-20,2032.88
XAUT-USD,Gold,USD,2023-12-21,2051.51
XAUT-USD,Gold,USD,2023-12-22,2053.46
XAUT-USD,Gold,USD,2023-12-23,2053.65
XAUT-USD,Gold,USD,2023-12-24,2054.77
XAUT-USD,Gold,USD,2023-12-25,2055.3
XAUT-USD,Gold,USD,2023-12-26,2067.56
XAUT-USD,Gold,USD,2023-12-27,2074.96
XAUT-USD,Gold,USD,2023-12-28,2072.6
XAUT-USD,Gold,USD,2023-12-29,2068.14
XAUT-USD,Gold,USD,2023-12-30,2067.29
XAUT-USD,Gold,USD,2023-12-31,2065.95
XAUT-USD,Gold,USD,2024-01-01,2064.0
XAUT-USD,Gold,USD,2024-01-02,2060.08
XAUT-USD,Gold,USD,2024-01-03,2045.11
XAUT-USD,Gold,USD,2024-01-04,2044.95
XAUT-USD,Gold,USD,2024-01-05,2048.4
XAUT-USD,Gold,USD,2024-01-06,2047.75
XAUT-USD,Gold,USD,2024-01-07,2046.19
XAUT-USD,Gold,USD,2024-01-08,2034.76
XAUT-USD,Gold,USD,2024-01-09,2029.56
XAUT-USD,Gold,USD,2024-01-10,2023.78
XAUT-USD,Gold,USD,2024-01-11,2033.0
XAUT-USD,Gold,USD,2024-01-12,2047.63
XAUT-USD,Gold,USD,2024-01-13,2048.94
XAUT-USD,Gold,USD,2024-01-14,2048.59
XAUT-USD,Gold,USD,2024-01-15,2053.26
XAUT-USD,Gold,USD,2024-01-16,2026.49
XAUT-USD,Gold,USD,2024-01-17,2007.52
XAUT-USD,Gold,USD,2024-01-18,2017.67
XAUT-USD,Gold,USD,2024-01-19,2023.93
XAUT-USD,Gold,USD,2024-01-20,2024.42
XAUT-USD,Gold,USD,2024-01-21,2023.83
XAUT-USD,Gold,USD,2024-01-22,2014.6
XAUT-USD,Gold,USD,2024-01-23,2026.76
XAUT-USD,Gold,USD,2024-01-24,2015.74
XAUT-USD,Gold,USD,2024-01-25,2019.58
XAUT-USD,Gold,USD,2024-01-26,2017.11
XAUT-USD,Gold,USD,2024-01-27,2015.85
XAUT-USD,Gold,USD,2024-01-28,2020.41
XAUT-USD,Gold,USD,2024-01-29,2027.23
XAUT-USD,Gold,USD,2024-01-30,2035.38
XAUT-USD,Gold,USD,2024-01-31,2035.49
XAUT-USD,Gold,USD,2024-02-01,2053.55
XAUT-USD,Gold,USD,2024-02-02,2039.23
XAUT-USD,Gold,USD,2024-02-03,2039.63
XAUT-USD,Gold,USD,2024-02-04,2039.17
XAUT-USD,Gold,USD,2024-02-05,2023.82
XAUT-USD,Gold,USD,2024-02-06,2033.92
XAUT-USD,Gold,USD,2024-02-07,2035.29
XAUT-USD,Gold,USD,2024-02-08,2032.73
XAUT-USD,Gold,USD,2024-02-09,2024.44
XAUT-USD,Gold,USD,2024-02-10,2024.08
XAUT-USD,Gold,USD,2024-02-11,2025.86
XAUT-USD,Gold,USD,2024-02-12,2018.2
XAUT-USD,Gold,USD,2024-02-13,1991.93
XAUT-USD,Gold,USD,2024-02-14,1992.81
XAUT-USD,Gold,USD,2024-02-15,2003.69
XAUT-USD,Gold,USD,2024-02-16,2012.09
XAUT-USD,Gold,USD,2024-02-17,2012.52
XAUT-USD,Gold,USD,2024-02-18,2011.99
XAUT-USD,Gold,USD,2024-02-19,2014.07
XAUT-USD,Gold,USD,2024-02-20,2023.39
XAUT-USD,Gold,USD,2024-02-21,2023.99
XAUT-USD,Gold,USD,2024-02-22,2023.97
XAUT-USD,Gold,USD,2024-02-23,2033.19
XAUT-USD,Gold,USD,2024-02-24,2032.26
XAUT-USD,Gold,USD,2024-02-25,2034.23
XAUT-USD,Gold,USD,2024-02-26,2029.59
XAUT-USD,Gold,USD,2024-02-27,2029.0
XAUT-USD,Gold,USD,2024-02-28,2034.12
XAUT-USD,Gold,USD,2024-02-29,2040.88
XAUT-USD,Gold,USD,2024-03-01,2078.76
XAUT-USD,Gold,USD,2024-03-02,2079.56
XAUT-USD,Gold,USD,2024-03-03,2080.99
XAUT-USD,Gold,USD,2024-03-04,2112.37
XAUT-USD,Gold,USD,2024-03-05,2126.24
XAUT-USD,Gold,USD,2024-03-06,2143.99
XAUT-USD,Gold,USD,2024-03-07,2156.6
XAUT-USD,Gold,USD,2024-03-08,2175.02
XAUT-USD,Gold,USD,2024-03-09,2175.66
XAUT-USD,Gold,USD,2024-03-10,2177.03
XAUT-USD,Gold,USD,2024-03-11,2174.4
XAUT-USD,Gold,USD,2024-03-12,2157.45
XAUT-USD,Gold,USD,2024-03-13,2174.41
XAUT-USD,Gold,USD,2024-03-14,2161.93
XAUT-USD,Gold,USD,2024-03-15,2156.63
XAUT-USD,Gold,USD,2024-03-16,2155.8
XAUT-USD,Gold,USD,2024-03-17,2155.72
XAUT-USD,Gold,USD,2024-03-18,2161.29
XAUT-USD,Gold,USD,2024-03-19,2158.03
XAUT-USD,Gold,USD,2024-03-20,2204.16
XAUT-USD,Gold,USD,2024-03-21,2181.88
XAUT-USD,Gold,USD,2024-03-22,2165.38
XAUT-USD,Gold,USD,2024-03-23,2166.08
XAUT-USD,Gold,USD,2024-03-24,2168.84
XAUT-USD,Gold,USD,2024-03-25,2172.5
XAUT-USD,Gold,USD,2024-03-26,2179.5
XAUT-USD,Gold,USD,2024-03-27,2191.71
XAUT-USD,Gold,USD,2024-03-28,2233.08
XAUT-USD,Gold,USD,2024-03-29,2233.06
XAUT-USD,Gold,USD,2024-03-30,2233.47
XAUT-USD,Gold,USD,2024-03-31,2244.59
XAUT-USD,Gold,USD,2024-04-01,2251.08
XAUT-USD,Gold,USD,2024-04-02,2279.77
XAUT-USD,Gold,USD,2024-04-03,2297.8
XAUT-USD,Gold,USD,2024-04-04,2290.37
XAUT-USD,Gold,USD,2024-04-05,2330.66
XAUT-USD,Gold,USD,2024-04-06,2329.44
XAUT-USD,Gold,USD,2024-04-07,2311.91
XAUT-USD,Gold,USD,2024-04-08,2339.36
XAUT-USD,Gold,USD,2024-04-09,2353.76
XAUT-USD,Gold,USD,2024-04-10,2337.54
XAUT-USD,Gold,USD,2024-04-11,2376.98
XAUT-USD,Gold,USD,2024-04-12,2343.42
XAUT-USD,Gold,USD,2024-04-13,2361.87
XAUT-USD,Gold,USD,2024-04-14,2388.24
XAUT-USD,Gold,USD,2024-04-15,2383.87
XAUT-USD,Gold,USD,2024-04-16,2385.25
XAUT-USD,Gold,USD,2024-04-17,2368.54
XAUT-USD,Gold,USD,2024-04-18,2381.16
XAUT-USD,Gold,USD,2024-04-19,2392.7
XAUT-USD,Gold,USD,2024-04-20,2394.11
XAUT-USD,Gold,USD,2024-04-21,2387.57
XAUT-USD,Gold,USD,2024-04-22,2333.45
XAUT-USD,Gold,USD,2024-04-23,2324.43
XAUT-USD,Gold,USD,2024-04-24,2317.87
XAUT-USD,Gold,USD,2024-04-25,2331.58
XAUT-USD,Gold,USD,2024-04-26,2339.31
XAUT-USD,Gold,USD,2024-04-27,2342.72
XAUT-USD,Gold,USD,2024-04-28,2340.97
XAUT-USD,Gold,USD,2024-04-29,2341.09
XAUT-USD,Gold,USD,2024-04-30,2293.98
XAUT-USD,Gold,USD,2024-05-01,2326.58
XAUT-USD,Gold,USD,2024-05-02,2307.7
XAUT-USD,Gold,USD,2024-05-03,2302.78
XAUT-USD,Gold,USD,2024-05-04,2303.04
XAUT-USD,Gold,USD,2024-05-05,2298.0
XAUT-USD,Gold,USD,2024-05-06,2326.44
XAUT-USD,Gold,USD,2024-05-07,2316.18
XAUT-USD,Gold,USD,2024-05-08,2309.77
XAUT-USD,Gold,USD,2024-05-09,2347.51
XAUT-USD,Gold,USD,2024-05-10,2362.07
XAUT-USD,Gold,USD,2024-05-11,2361.52
XAUT-USD,Gold,USD,2024-05-12,2361.73
XAUT-USD,Gold,USD,2024-05-13,2339.45
XAUT-USD,Gold,USD,2024-05-14,2357.34
XAUT-USD,Gold,USD,2024-05-15,2390.44
XAUT-USD,Gold,USD,2024-05-16,2379.55
XAUT-USD,Gold,USD,2024-05-17,2415.63
XAUT-USD,Gold,USD,2024-05-18,2414.66
XAUT-USD,Gold,USD,2024-05-19,2421.19
XAUT-USD,Gold,USD,2024-05-20,2426.31
XAUT-USD,Gold,USD,2024-05-21,2423.0
XAUT-USD,Gold,USD,2024-05-22,2383.04
XAUT-USD,Gold,USD,2024-05-23,2333.86
XAUT-USD,Gold,USD,2024-05-24,2336.02
XAUT-USD,Gold,USD,2024-05-25,2336.24
XAUT-USD,Gold,USD,2024-05-26,2339.03
XAUT-USD,Gold,USD,2024-05-27,2353.67
XAUT-USD,Gold,USD,2024-05-28,2360.63
XAUT-USD,Gold,USD,2024-05-29,2339.87
XAUT-USD,Gold,USD,2024-05-30,2343.64
XAUT-USD,Gold,USD,2024-05-31,2329.3
XAUT-USD,Gold,USD,2024-06-01,2327.39
XAUT-USD,Gold,USD,2024-06-02,2326.76
XAUT-USD,Gold,USD,2024-06-03,2351.64
XAUT-USD,Gold,USD,2024-06-04,2328.74
XAUT-USD,Gold,USD,2024-06-05,2355.92
XAUT-USD,Gold,USD,2024-06-06,2376.53
XAUT-USD,Gold,USD,2024-06-07,2295.64
XAUT-USD,Gold,USD,2024-06-08,2295.2
XAUT-USD,Gold,USD,2024-06-09,2301.07
XAUT-USD,Gold,USD,2024-06-10,2311.77
XAUT-USD,Gold,USD,2024-06-11,2315.97
XAUT-USD,Gold,USD,2024-06-12,2321.72
XAUT-USD,Gold,USD,2024-06-13,2303.16
XAUT-USD,Gold,USD,2024-06-14,2332.6
XAUT-USD,Gold,USD,2024-06-15,2333.49
XAUT-USD,Gold,USD,2024-06-16,2328.82
XAUT-USD,Gold,USD,2024-06-17,2320.05
XAUT-USD,Gold,USD,2024-06-18,2329.35
XAUT-USD,Gold,USD,2024-06-19,2331.78
XAUT-USD,Gold,USD,2024-06-20,2361.19
XAUT-USD,Gold,USD,2024-06-21,2323.94
XAUT-USD,Gold,USD,2024-06-22,2323.86
XAUT-USD,Gold,USD,2024-06-23,2322.04
XAUT-USD,Gold,USD,2024-06-24,2334.07
XAUT-USD,Gold,USD,2024-06-25,2321.55
XAUT-USD,Gold,USD,2024-06-26,2303.87
XAUT-USD,Gold,USD,2024-06-27,2330.84
XAUT-USD,Gold,USD,2024-06-28,2331.53
XAUT-USD,Gold,USD,2024-06-29,2327.82
XAUT-USD,Gold,USD,2024-06-30,2327.49
XAUT-USD,Gold,USD,2024-07-01,2333.56
XAUT-USD,Gold,USD,2024-07-02,2334.61
XAUT-USD,Gold,USD,2024-07-03,2363.28
XAUT-USD,Gold,USD,2024-07-04,2359.3
XAUT-USD,Gold,USD,2024-07-05,2391.75
XAUT-USD,Gold,USD,2024-07-06,2391.5
XAUT-USD,Gold,USD,2024-07-07,2387.37
XAUT-USD,Gold,USD,2024-07-08,2361.19
XAUT-USD,Gold,USD,2024-07-09,2364.26
XAUT-USD,Gold,USD,2024-07-10,2372.14
XAUT-USD,Gold,USD,2024-07-11,2414.23
XAUT-USD,Gold,USD,2024-07-12,2411.93
XAUT-USD,Gold,USD,2024-07-13,2411.7
XAUT-USD,Gold,USD,2024-07-14,2407.92
XAUT-USD,Gold,USD,2024-07-15,2422.6
XAUT-USD,Gold,USD,2024-07-16,2469.27
XAUT-USD,Gold,USD,2024-07-17,2460.43
XAUT-USD,Gold,USD,2024-07-18,2443.83
XAUT-USD,Gold,USD,2024-07-19,2401.52
XAUT-USD,Gold,USD,2024-07-20,2401.11
XAUT-USD,Gold,USD,2024-07-21,2412.22
XAUT-USD,Gold,USD,2024-07-22,2397.38
XAUT-USD,Gold,USD,2024-07-23,2411.1
XAUT-USD,Gold,USD,2024-07-24,2400.71
XAUT-USD,Gold,USD,2024-07-25,2366.2
XAUT-USD,Gold,USD,2024-07-26,2388.07
XAUT-USD,Gold,USD,2024-07-27,2388.03
XAUT-USD,Gold,USD,2024-07-28,2398.74
XAUT-USD,Gold,USD,2024-07-29,2382.81
XAUT-USD,Gold,USD,2024-07-30,2411.38
XAUT-USD,Gold,USD,2024-07-31,2446.49
XAUT-USD,Gold,USD,2024-08-01,2446.92
XAUT-USD,Gold,USD,2024-08-02,2444.26
XAUT-USD,Gold,USD,2024-08-03,2445.95
XAUT-USD,Gold,USD,2024-08-04,2441.51
XAUT-USD,Gold,USD,2024-08-05,2411.21
XAUT-USD,Gold,USD,2024-08-06,2393.04
XAUT-USD,Gold,USD,2024-08-07,2388.01
XAUT-USD,Gold,USD,2024-08-08,2425.41
XAUT-USD,Gold,USD,2024-08-09,2432.51
XAUT-USD,Gold,USD,2024-08-10,2433.3
XAUT-USD,Gold,USD,2024-08-11,2429.45
XAUT-USD,Gold,USD,2024-08-12,2474.95
XAUT-USD,Gold,USD,2024-08-13,2466.27
XAUT-USD,Gold,USD,2024-08-14,2455.79
XAUT-USD,Gold,USD,2024-08-15,2459.51
XAUT-USD,Gold,USD,2024-08-16,2508.08
XAUT-USD,Gold,USD,2024-08-17,2510.4
XAUT-USD,Gold,USD,2024-08-18,2507.43
XAUT-USD,Gold,USD,2024-08-19,2508.39
XAUT-USD,Gold,USD,2024-08-20,2529.27
XAUT-USD,Gold,USD,2024-08-21,2518.86
XAUT-USD,Gold,USD,2024-08-22,2492.4
XAUT-USD,Gold,USD,2024-08-23,2514.02
XAUT-USD,Gold,USD,2024-08-24,2514.46
XAUT-USD,Gold,USD,2024-08-25,2513.95
XAUT-USD,Gold,USD,2024-08-26,2514.72
XAUT-USD,Gold,USD,2024-08-27,2520.19
XAUT-USD,Gold,USD,2024-08-28,2504.63
XAUT-USD,Gold,USD,2024-08-29,2520.68
XAUT-USD,Gold,USD,2024-08-30,2502.62
XAUT-USD,Gold,USD,2024-08-31,2504.19
XAUT-USD,Gold,USD,2024-09-01,2503.89
XAUT-USD,Gold,USD,2024-09-02,2499.64
XAUT-USD,Gold,USD,2024-09-03,2494.59
XAUT-USD,Gold,USD,2024-09-04,2497.58
XAUT-USD,Gold,USD,2024-09-05,2518.92
XAUT-USD,Gold,USD,2024-09-06,2500.1
XAUT-USD,Gold,USD,2024-09-07,2496.77
XAUT-USD,Gold,USD,2024-09-08,2497.09
XAUT-USD,Gold,USD,2024-09-09,2507.44
XAUT-USD,Gold,USD,2024-09-10,2518.15
XAUT-USD,Gold,USD,2024-09-11,2511.66
XAUT-USD,Gold,USD,2024-09-12,2557.97
XAUT-USD,Gold,USD,2024-09-13,2576.66
XAUT-USD,Gold,USD,2024-09-14,2580.09
XAUT-USD,Gold,USD,2024-09-15,2579.6
XAUT-USD,Gold,USD,2024-09-16,2584.61
XAUT-USD,Gold,USD,2024-09-17,2574.26
XAUT-USD,Gold,USD,2024-09-18,2559.34
XAUT-USD,Gold,USD,2024-09-19,2587.54
XAUT-USD,Gold,USD,2024-09-20,2620.03
XAUT-USD,Gold,USD,2024-09-21,2620.96
XAUT-USD,Gold,USD,2024-09-22,2621.15
XAUT-USD,Gold,USD,2024-09-23,2626.76
XAUT-USD,Gold,USD,2024-09-24,2657.03
XAUT-USD,Gold,USD,2024-09-25,2654.4
XAUT-USD,Gold,USD,2024-09-26,2671.84
XAUT-USD,Gold,USD,2024-09-27,2659.46
XAUT-USD,Gold,USD,2024-09-28,2658.98
XAUT-USD,Gold,USD,2024-09-29,2663.68
XAUT-USD,Gold,USD,2024-09-30,2632.29
XAUT-USD,Gold,USD,2024-10-01,2662.0
XAUT-USD,Gold,USD,2024-10-02,2661.49
XAUT-USD,Gold,USD,2024-10-03,2656.81
XAUT-USD,Gold,USD,2024-10-04,2654.52
XAUT-USD,Gold,USD,2024-10-05,2654.71
XAUT-USD,Gold,USD,2024-10-06,2651.67
XAUT-USD,Gold,USD,2024-10-07,2643.06
XAUT-USD,Gold,USD,2024-10-08,2622.39
XAUT-USD,Gold,USD,2024-10-09,2609.26
XAUT-USD,Gold,USD,2024-10-10,2632.13
XAUT-USD,Gold,USD,2024-10-11,2656.49
XAUT-USD,Gold,USD,2024-10-12,2658.09
XAUT-USD,Gold,USD,2024-10-13,2651.6
XAUT-USD,Gold,USD,2024-10-14,2649.53
XAUT-USD,Gold,USD,2024-10-15,2661.1
XAUT-USD,Gold,USD,2024-10-16,2673.42
XAUT-USD,Gold,USD,2024-10-17,2691.86
XAUT-USD,Gold,USD,2024-10-18,2720.79
XAUT-USD,Gold,USD,2024-10-19,2723.28
XAUT-USD,Gold,USD,2024-10-20,2724.96
XAUT-USD,Gold,USD,2024-10-21,2724.36
XAUT-USD,Gold,USD,2024-10-22,2764.45
XAUT-USD,Gold,USD,2024-10-23,2737.8
XAUT-USD,Gold,USD,2024-10-24,2755.85
XAUT-USD,Gold,USD,2024-10-25,2754.92
XAUT-USD,Gold,USD,2024-10-26,2749.11
XAUT-USD,Gold,USD,2024-10-27,2747.18
XAUT-USD,Gold,USD,2024-10-28,2748.24
XAUT-USD,Gold,USD,2024-10-29,2773.73
XAUT-USD,Gold,USD,2024-10-30,2788.72
XAUT-USD,Gold,USD,2024-10-31,2748.03
XAUT-USD,Gold,USD,2024-11-01,2744.31
XAUT-USD,Gold,USD,2024-11-02,2738.22
XAUT-USD,Gold,USD,2024-11-03,2742.72
XAUT-USD,Gold,USD,2024-11-04,2739.14
XAUT-USD,Gold,USD,2024-11-05,2747.53
XAUT-USD,Gold,USD,2024-11-06,2674.58
XAUT-USD,Gold,USD,2024-11-07,2710.54
XAUT-USD,Gold,USD,2024-11-08,2687.06
XAUT-USD,Gold,USD,2024-11-09,2686.19
XAUT-USD,Gold,USD,2024-11-10,2684.1
XAUT-USD,Gold,USD,2024-11-11,2623.8
XAUT-USD,Gold,USD,2024-11-12,2601.93
XAUT-USD,Gold,USD,2024-11-13,2581.43
XAUT-USD,Gold,USD,2024-11-14,2571.42
XAUT-USD,Gold,USD,2024-11-15,2567.02
XAUT-USD,Gold,USD,2024-11-16,2564.48
XAUT-USD,Gold,USD,2024-11-17,2576.84
XAUT-USD,Gold,USD,2024-11-18,2615.53
XAUT-USD,Gold,USD,2024-11-19,2637.81
XAUT-USD,Gold,USD,2024-11-20,2654.41
XAUT-USD,Gold,USD,2024-11-21,2672.64
XAUT-USD,Gold,USD,2024-11-22,2717.71
XAUT-USD,Gold,USD,2024-11-23,2719.88
XAUT-USD,Gold,USD,2024-11-24,2723.04
XAUT-USD,Gold,USD,2024-11-25,2620.74
XAUT-USD,Gold,USD,2024-11-26,2637.78
XAUT-USD,Gold,USD,2024-11-27,2645.67
XAUT-USD,Gold,USD,2024-11-28,2642.85
XAUT-USD,Gold,USD,2024-11-29,2654.6
XAUT-USD,Gold,USD,2024-11-30,2655.23
XAUT-USD,Gold,USD,2024-12-01,2651.11
XAUT-USD,Gold,USD,2024-12-02,2644.56
XAUT-USD,Gold,USD,2024-12-03,2645.97
XAUT-USD,Gold,USD,2024-12-04,2653.61
XAUT-USD,Gold,USD,2024-12-05,2635.66
XAUT-USD,Gold,USD,2024-12-06,2634.96
XAUT-USD,Gold,USD,2024-12-07,2637.74
XAUT-USD,Gold,USD,2024-12-08,2639.58
XAUT-USD,Gold,USD,2024-12-09,2665.27
XAUT-USD,Gold,USD,2024-12-10,2700.26
XAUT-USD,Gold,USD,2024-12-11,2722.84
XAUT-USD,Gold,USD,2024-12-12,2703.78
XAUT-USD,Gold,USD,2024-12-13,2660.06
XAUT-USD,Gold,USD,2024-12-14,2667.37
XAUT-USD,Gold,USD,2024-12-15,2659.34
XAUT-USD,Gold,USD,2024-12-16,2660.57
XAUT-USD,Gold,USD,2024-12-17,2657.07
XAUT-USD,Gold,USD,2024-12-18,2607.15
XAUT-USD,Gold,USD,2024-12-19,2600.61
XAUT-USD,Gold,USD,2024-12-20,2628.77
XAUT-USD,Gold,USD,2024-12-21,2632.25
XAUT-USD,Gold,USD,2024-12-22,2632.43
XAUT-USD,Gold,USD,2024-12-23,2621.4
XAUT-USD,Gold,USD,2024-12-24,2624.19
XAUT-USD,Gold,USD,2024-12-25,2624.93
XAUT-USD,Gold,USD,2024-12-26,2635.34
XAUT-USD,Gold,USD,2024-12-27,2624.38
XAUT-USD,Gold,USD,2024-12-28,2626.68
XAUT-USD,Gold,USD,2024-12-29,2629.53
XAUT-USD,Gold,USD,2024-12-30,2609.55
XAUT-USD,Gold,USD,2024-12-31,2622.18
XAUT-USD,Gold,USD,2025-01-01,2621.72
XAUT-USD,Gold,USD,2025-01-02,2648.96
XAUT-USD,Gold,USD,2025-01-03,2636.39
XAUT-USD,Gold,USD,2025-01-04,2636.4
XAUT-USD,Gold,USD,2025-01-05,2636.67
XAUT-USD,Gold,USD,2025-01-06,2634.5
XAUT-USD,Gold,USD,2025-01-07,2641.37
XAUT-USD,Gold,USD,2025-01-08,2637.86
XAUT-USD,Gold,USD,2025-01-09,2647.7
XAUT-USD,Gold,USD,2025-01-10,2659.98
XAUT-USD,Gold,USD,2025-01-11,2661.6
XAUT-USD,Gold,USD,2025-01-12,2662.71
XAUT-USD,Gold,USD,2025-01-13,2632.72
XAUT-USD,Gold,USD,2025-01-14,2641.73
XAUT-USD,Gold,USD,2025-01-15,2677.78
XAUT-USD,Gold,USD,2025-01-16,2696.16
XAUT-USD,Gold,USD,2025-01-17,2696.95
XAUT-USD,Gold,USD,2025-01-18,2693.89
XAUT-USD,Gold,USD,2025-01-19,2685.64
XAUT-USD,Gold,USD,2025-01-20,2700.18
XAUT-USD,Gold,USD,2025-01-21,2723.01
XAUT-USD,Gold,USD,2025-01-22,2746.24
XAUT-USD,Gold,USD,2025-01-23,2742.43
XAUT-USD,Gold,USD,2025-01-24,2759.15
XAUT-USD,Gold,USD,2025-01-25,2759.85
XAUT-USD,Gold,USD,2025-01-26,2753.21
XAUT-USD,Gold,USD,2025-01-27,2717.85
XAUT-USD,Gold,USD,2025-01-28,2745.94
XAUT-USD,Gold,USD,2025-01-29,2740.16
XAUT-USD,Gold,USD,2025-01-30,2786.29
XAUT-USD,Gold,USD,2025-01-31,2797.37
XAUT-USD,Gold,USD,2025-02-01,2796.41
XAUT-USD,Gold,USD,2025-02-02,2794.65
XAUT-USD,Gold,USD,2025-02-03,2811.62
XAUT-USD,Gold,USD,2025-02-04,2839.38
XAUT-USD,Gold,USD,2025-02-05,2868.9
XAUT-USD,Gold,USD,2025-02-06,2863.71
XAUT-USD,Gold,USD,2025-02-07,2861.45
XAUT-USD,Gold,USD,2025-02-08,2860.34
XAUT-USD,Gold,USD,2025-02-09,2866.45
XAUT-USD,Gold,USD,2025-02-10,2915.3
XAUT-USD,Gold,USD,2025-02-11,2895.32
XAUT-USD,Gold,USD,2025-02-12,2899.84
XAUT-USD,Gold,USD,2025-02-13,2930.4
XAUT-USD,Gold,USD,2025-02-14,2883.65
XAUT-USD,Gold,USD,2025-02-15,2884.2
XAUT-USD,Gold,USD,2025-02-16,2881.63
XAUT-USD,Gold,USD,2025-02-17,2897.02
XAUT-USD,Gold,USD,2025-02-18,2928.16
XAUT-USD,Gold,USD,2025-02-19,2929.88
XAUT-USD,Gold,USD,2025-02-20,2939.61
XAUT-USD,Gold,USD,2025-02-21,2935.62
XAUT-USD,Gold,USD,2025-02-22,2937.69
XAUT-USD,Gold,USD,2025-02-23,2935.61
XAUT-USD,Gold,USD,2025-02-24,2950.1
XAUT-USD,Gold,USD,2025-02-25,2912.96
XAUT-USD,Gold,USD,2025-02-26,2913.74
XAUT-USD,Gold,USD,2025-02-27,2876.59
XAUT-USD,Gold,USD,2025-02-28,2856.32
XAUT-USD,Gold,USD,2025-03-01,2855.28
XAUT-USD,Gold,USD,2025-03-02,2858.6
XAUT-USD,Gold,USD,2025-03-03,2887.43
XAUT-USD,Gold,USD,2025-03-04,2908.92
XAUT-USD,Gold,USD,2025-03-05,2910.74
XAUT-USD,Gold,USD,2025-03-06,2907.57
XAUT-USD,Gold,USD,2025-03-07,2900.01
XAUT-USD,Gold,USD,2025-03-08,2906.82
XAUT-USD,Gold,USD,2025-03-09,2908.71
XAUT-USD,Gold,USD,2025-03-10,2882.85
XAUT-USD,Gold,USD,2025-03-11,2910.31
XAUT-USD,Gold,USD,2025-03-12,2931.68
XAUT-USD,Gold,USD,2025-03-13,2986.51
XAUT-USD,Gold,USD,2025-03-14,2987.38
XAUT-USD,Gold,USD,2025-03-15,2986.24
XAUT-USD,Gold,USD,2025-03-16,2993.78
XAUT-USD,Gold,USD,2025-03-17,3005.65
XAUT-USD,Gold,USD,2025-03-18,3037.11
XAUT-USD,Gold,USD,2025-03-19,3052.43
XAUT-USD,Gold,USD,2025-03-20,3049.41
XAUT-USD,Gold,USD,2025-03-21,3027.17
XAUT-USD,Gold,USD,2025-03-22,3035.23
XAUT-USD,Gold,USD,2025-03-23,3036.86
XAUT-USD,Gold,USD,2025-03-24,3021.54
XAUT-USD,Gold,USD,2025-03-25,3030.02
XAUT-USD,Gold,USD,2025-03-26,3028.81
XAUT-USD,Gold,USD,2025-03-27,3065.8
XAUT-USD,Gold,USD,2025-03-28,3105.73
XAUT-USD,Gold,USD,2025-03-29,3116.64
XAUT-USD,Gold,USD,2025-03-30,3114.81
XAUT-USD,Gold,USD,2025-03-31,3168.58
XAUT-USD,Gold,USD,2025-04-01,3142.32
XAUT-USD,Gold,USD,2025-04-02,3176.73
XAUT-USD,Gold,USD,2025-04-03,3122.55
XAUT-USD,Gold,USD,2025-04-04,3046.38
XAUT-USD,Gold,USD,2025-04-05,3048.05
XAUT-USD,Gold,USD,2025-04-06,3004.27
XAUT-USD,Gold,USD,2025-04-07,2992.03
XAUT-USD,Gold,USD,2025-04-08,2984.86
XAUT-USD,Gold,USD,2025-04-09,3090.71
XAUT-USD,Gold,USD,2025-04-10,3206.45
XAUT-USD,Gold,USD,2025-04-11,3253.0
XAUT-USD,Gold,USD,2025-04-12,3238.04
XAUT-USD,Gold,USD,2025-04-13,3235.99
XAUT-USD,Gold,USD,2025-04-14,3223.95
XAUT-USD,Gold,USD,2025-04-15,3256.64
XAUT-USD,Gold,USD,2025-04-16,3370.43
XAUT-USD,Gold,USD,2025-04-17,3340.64
XAUT-USD,Gold,USD,2025-04-18,3347.12
XAUT-USD,Gold,USD,2025-04-19,3342.3
XAUT-USD,Gold,USD,2025-04-20,3364.04
XAUT-USD,Gold,USD,2025-04-21,3460.28
XAUT-USD,Gold,USD,2025-04-22,3347.67
XAUT-USD,Gold,USD,2025-04-23,3330.67
XAUT-USD,Gold,USD,2025-04-24,3362.77
XAUT-USD,Gold,USD,2025-04-25,3316.65
XAUT-USD,Gold,USD,2025-04-26,3317.27
XAUT-USD,Gold,USD,2025-04-27,3307.55
XAUT-USD,Gold,USD,2025-04-28,3340.43
XAUT-USD,Gold,USD,2025-04-29,3317.81
XAUT-USD,Gold,USD,2025-04-30,3280.66
XAUT-USD,Gold,USD,2025-05-01,3250.66
XAUT-USD,Gold,USD,2025-05-02,3252.21
XAUT-USD,Gold,USD,2025-05-03,3254.62
XAUT-USD,Gold,USD,2025-05-04,3262.62
XAUT-USD,Gold,USD,2025-05-05,3342.44
XAUT-USD,Gold,USD,2025-05-06,3404.15
XAUT-USD,Gold,USD,2025-05-07,3379.71
XAUT-USD,Gold,USD,2025-05-08,3319.8
XAUT-USD,Gold,USD,2025-05-09,3329.41
XAUT-USD,Gold,USD,2025-05-10,3321.34
XAUT-USD,Gold,USD,2025-05-11,3288.33
XAUT-USD,Gold,USD,2025-05-12,3239.14
XAUT-USD,Gold,USD,2025-05-13,3253.65
XAUT-USD,Gold,USD,2025-05-14,3190.43
XAUT-USD,Gold,USD,2025-05-15,3240.39
XAUT-USD,Gold,USD,2025-05-16,3207.92
XAUT-USD,Gold,USD,2025-05-17,3210.07
XAUT-USD,Gold,USD,2025-05-18,3238.11
XAUT-USD,Gold,USD,2025-05-19,3224.61
XAUT-USD,Gold,USD,2025-05-20,3289.54
XAUT-USD,Gold,USD,2025-05-21,3316.66
XAUT-USD,Gold,USD,2025-05-22,3300.33
XAUT-USD,Gold,USD,2025-05-23,3351.75
XAUT-USD,Gold,USD,2025-05-24,3352.46
XAUT-USD,Gold,USD,2025-05-25,3338.51
XAUT-USD,Gold,USD,2025-05-26,3345.86
XAUT-USD,Gold,USD,2025-05-27,3310.18
XAUT-USD,Gold,USD,2025-05-28,3264.33
XAUT-USD,Gold,USD,2025-05-29,3314.6
XAUT-USD,Gold,USD,2025-05-30,3292.46
XAUT-USD,Gold,USD,2025-05-31,3289.12
XAUT-USD,Gold,USD,2025-06-01,3313.68
XAUT-USD,Gold,USD,2025-06-02,3382.87
XAUT-USD,Gold,USD,2025-06-03,3360.24
XAUT-USD,Gold,USD,2025-06-04,3379.88
XAUT-USD,Gold,USD,2025-06-05,3365.48
XAUT-USD,Gold,USD,2025-06-06,3319.47
XAUT-USD,Gold,USD,2025-06-07,3318.01
XAUT-USD,Gold,USD,2025-06-08,3322.81
XAUT-USD,Gold,USD,2025-06-09,3330.1
XAUT-USD,Gold,USD,2025-06-10,3324.93
XAUT-USD,Gold,USD,2025-06-11,3360.56
XAUT-USD,Gold,USD,2025-06-12,3390.53
XAUT-USD,Gold,USD,2025-06-13,3436.79
XAUT-USD,Gold,USD,2025-06-14,3468.16
XAUT-USD,Gold,USD,2025-06-15,3455.4
XAUT-USD,Gold,USD,2025-06-16,3406.72
XAUT-USD,Gold,USD,2025-06-17,3393.02
XAUT-USD,Gold,USD,2025-06-18,3380.6
XAUT-USD,Gold,USD,2025-06-19,3373.96
XAUT-USD,Gold,USD,2025-06-20,3380.36
XAUT-USD,Gold,USD,2025-06-21,3381.27
XAUT-USD,Gold,USD,2025-06-22,3387.0
XAUT-USD,Gold,USD,2025-06-23,3352.58
XAUT-USD,Gold,USD,2025-06-24,3327.04
XAUT-USD,Gold,USD,2025-06-25,3337.74
XAUT-USD,Gold,USD,2025-06-26,3321.47
XAUT-USD,Gold,USD,2025-06-27,3282.02
XAUT-USD,Gold,USD,2025-06-28,3279.04
XAUT-USD,Gold,USD,2025-06-29,3268.37
XAUT-USD,Gold,USD,2025-06-30,3312.15
XAUT-USD,Gold,USD,2025-07-01,3337.51
XAUT-USD,Gold,USD,2025-07-02,3346.62
XAUT-USD,Gold,USD,2025-07-03,3327.93
XAUT-USD,Gold,USD,2025-07-04,3337.5
XAUT-USD,Gold,USD,2025-07-05,3335.84
XAUT-USD,Gold,USD,2025-07-06,3327.41
XAUT-USD,Gold,USD,2025-07-07,3331.25
XAUT-USD,Gold,USD,2025-07-08,3301.93
XAUT-USD,Gold,USD,2025-07-09,3315.18
XAUT-USD,Gold,USD,2025-07-10,3320.06
XAUT-USD,Gold,USD,2025-07-11,3348.71
XAUT-USD,Gold,USD,2025-07-12,3352.82
XAUT-USD,Gold,USD,2025-07-13,3361.26
XAUT-USD,Gold,USD,2025-07-14,3345.0
XAUT-USD,Gold,USD,2025-07-15,3331.62
XAUT-USD,Gold,USD,2025-07-16,3345.01
XAUT-USD,Gold,USD,2025-07-17,3338.71
XAUT-USD,Gold,USD,2025-07-18,3348.71
XAUT-USD,Gold,USD,2025-07-19,3351.86
XAUT-USD,Gold,USD,2025-07-20,3346.68
XAUT-USD,Gold,USD,2025-07-21,3391.45
XAUT-USD,Gold,USD,2025-07-22,3421.2
XAUT-USD,Gold,USD,2025-07-23,3389.78
XAUT-USD,Gold,USD,2025-07-24,3370.4
XAUT-USD,Gold,USD,2025-07-25,3345.17
XAUT-USD,Gold,USD,2025-07-26,3347.77
XAUT-USD,Gold,USD,2025-07-27,3337.91
XAUT-USD,Gold,USD,2025-07-28,3317.9
XAUT-USD,Gold,USD,2025-07-29,3328.13
XAUT-USD,Gold,USD,2025-07-30,3292.41
XAUT-USD,Gold,USD,2025-07-31,3294.02
XAUT-USD,Gold,USD,2025-08-01,3360.58
XAUT-USD,Gold,USD,2025-08-02,3357.85
XAUT-USD,Gold,USD,2025-08-03,3357.95
XAUT-USD,Gold,USD,2025-08-04,3375.02
XAUT-USD,Gold,USD,2025-08-05,3378.9
XAUT-USD,Gold,USD,2025-08-06,3366.63
XAUT-USD,Gold,USD,2025-08-07,3391.55
XAUT-USD,Gold,USD,2025-08-08,3387.58
XAUT-USD,Gold,USD,2025-08-09,3388.06
XAUT-USD,Gold,USD,2025-08-10,3386.97
